credit_id,credit_date,invoice_id,customer_id,credit_type,credit_amount,approved_by,carrier_claim_filed,restock_fee_waived,restock_fee_amount
CM-9056,2026-07-01,INV-51168,C1028,REBATE,2350.58,MGR,,,0
CM-9201,2026-07-08,INV-51144,C1061,CUSTOMER_ORDER_ERROR,1073.56,MGR,,,0
CM-9210,2026-07-11,INV-50524,C1001,CUSTOMER_ORDER_ERROR,891.04,MGR,,,0
CM-9133,2026-07-12,INV-51084,C1010,CUSTOMER_ORDER_ERROR,506.03,,,,0
CM-9253,2026-07-12,INV-50524,C1001,CUSTOMER_ORDER_ERROR,891.04,MGR,,,0
CM-9061,2026-07-15,INV-51427,C1007,REBATE,516.09,MGR,,,0
CM-9235,2026-07-15,INV-51433,C1041,RETURN_RESTOCK,653.55,MGR,,N,98.03
CM-9020,2026-07-16,INV-50957,C1039,PRICING_ERROR,252.21,MGR,,,0
CM-9023,2026-07-17,INV-50818,C1031,CUSTOMER_ORDER_ERROR,305.54,MGR,,,0
CM-9180,2026-07-17,INV-50597,C1005,WRONG_ITEM_PICKED,573.86,MGR,,,0
CM-9254,2026-07-17,INV-51433,C1041,RETURN_RESTOCK,653.55,MGR,,,0
CM-9114,2026-07-18,INV-50123,C1064,PRICING_ERROR,425.68,MGR,,,0
CM-9144,2026-07-18,INV-50184,C1063,PRICING_ERROR,1628.25,,,,0
CM-9188,2026-07-18,INV-51168,C1028,DAMAGED_IN_TRANSIT,228.37,MGR,N,,0
CM-9194,2026-07-18,INV-50564,C1013,DAMAGED_IN_TRANSIT,118.35,MGR,N,,0
CM-9220,2026-07-18,INV-50234,C1072,GOODWILL,681.15,,,,0
CM-9117,2026-07-19,INV-50069,C1028,RETURN_RESTOCK,96.61,MGR,,N,14.49
CM-9151,2026-07-19,INV-51418,C1005,REBATE,81.84,MGR,,,0
CM-9159,2026-07-19,INV-51216,C1100,REBATE,571.0,MGR,,,0
CM-9234,2026-07-20,INV-51498,C1016,PRICING_ERROR,115.32,MGR,,,0
CM-9080,2026-07-21,INV-50103,C1030,PRICING_ERROR,224.75,MGR,,,0
CM-9176,2026-07-21,INV-50960,C1047,CUSTOMER_ORDER_ERROR,303.1,MGR,,,0
CM-9187,2026-07-21,INV-51427,C1007,CUSTOMER_ORDER_ERROR,128.5,MGR,,,0
CM-9249,2026-07-21,INV-51447,C1013,DAMAGED_IN_TRANSIT,178.46,MGR,N,,0
CM-9022,2026-07-23,INV-50586,C1046,DAMAGED_IN_TRANSIT,329.1,MGR,N,,0
CM-9044,2026-07-23,INV-50085,C1059,RETURN_RESTOCK,224.91,MGR,,N,33.74
CM-9103,2026-07-23,INV-50741,C1042,DAMAGED_IN_TRANSIT,234.71,,Y,,0
CM-9170,2026-07-23,INV-51187,C1110,REBATE,159.32,,,,0
CM-9238,2026-07-23,INV-50209,C1037,DAMAGED_IN_TRANSIT,356.66,MGR,Y,,0
CM-9004,2026-07-24,INV-50084,C1035,RETURN_RESTOCK,194.85,MGR,,N,29.23
CM-9026,2026-07-24,INV-50322,C1001,RETURN_RESTOCK,107.89,MGR,,N,16.18
CM-9127,2026-07-24,INV-50649,C1037,CUSTOMER_ORDER_ERROR,347.57,MGR,,,0
CM-9165,2026-07-24,INV-51239,C1050,DAMAGED_IN_TRANSIT,57.88,MGR,Y,,0
CM-9202,2026-07-24,INV-50107,C1077,GOODWILL,429.14,MGR,,,0
CM-9024,2026-07-26,INV-50668,C1009,REBATE,738.01,MGR,,,0
CM-9091,2026-07-26,INV-50318,C1058,GOODWILL,272.92,,,,0
CM-9108,2026-07-26,INV-51309,C1001,GOODWILL,1023.01,MGR,,,0
CM-9183,2026-07-26,INV-50631,C1008,RETURN_RESTOCK,1143.04,MGR,,N,171.46
CM-9245,2026-07-26,INV-50220,C1021,PRICING_ERROR,360.98,,,,0
CM-9131,2026-07-27,INV-50897,C1014,WRONG_ITEM_PICKED,1084.18,,,,0
CM-9177,2026-07-27,INV-50773,C1018,REBATE,334.03,MGR,,,0
CM-9185,2026-07-27,INV-51042,C1002,REBATE,1320.85,,,,0
CM-9192,2026-07-27,INV-50782,C1002,GOODWILL,776.55,,,,0
CM-9199,2026-07-27,INV-50641,C1013,CUSTOMER_ORDER_ERROR,229.45,MGR,,,0
CM-9083,2026-07-28,INV-51237,C1090,CUSTOMER_ORDER_ERROR,202.06,MGR,,,0
CM-9141,2026-07-28,INV-51138,C1001,CUSTOMER_ORDER_ERROR,234.6,MGR,,,0
CM-9005,2026-07-29,INV-50387,C1004,REBATE,212.52,,,,0
CM-9073,2026-07-29,INV-50815,C1024,PRICING_ERROR,454.2,MGR,,,0
CM-9221,2026-07-29,INV-50727,C1008,CUSTOMER_ORDER_ERROR,388.46,MGR,,,0
CM-9240,2026-07-29,INV-50115,C1115,RETURN_RESTOCK,489.9,MGR,,N,73.48
CM-9019,2026-07-30,INV-50036,C1008,CUSTOMER_ORDER_ERROR,312.34,MGR,,,0
CM-9101,2026-07-30,INV-51351,C1082,PRICING_ERROR,142.66,MGR,,,0
CM-9076,2026-07-31,INV-51254,C1030,REBATE,138.12,MGR,,,0
CM-9149,2026-07-31,INV-50479,C1049,PRICING_ERROR,176.23,MGR,,,0
CM-9197,2026-07-31,INV-50467,C1097,DAMAGED_IN_TRANSIT,126.77,MGR,Y,,0
CM-9074,2026-08-01,INV-50244,C1004,GOODWILL,88.94,,,,0
CM-9251,2026-08-01,INV-51237,C1090,CUSTOMER_ORDER_ERROR,202.06,MGR,,,0
CM-9082,2026-08-02,INV-51330,C1022,WRONG_ITEM_PICKED,76.91,,,,0
CM-9111,2026-08-02,INV-50404,C1020,REBATE,92.23,MGR,,,0
CM-9222,2026-08-02,INV-50926,C1060,RETURN_RESTOCK,214.96,MGR,,N,32.24
CM-9250,2026-08-02,INV-50398,C1021,WRONG_ITEM_PICKED,1340.05,MGR,,,0
CM-9072,2026-08-03,INV-51105,C1004,DAMAGED_IN_TRANSIT,316.17,MGR,N,,0
CM-9097,2026-08-03,INV-50782,C1002,GOODWILL,327.72,,,,0
CM-9129,2026-08-03,INV-50363,C1015,REBATE,75.4,,,,0
CM-9011,2026-08-04,INV-51495,C1048,GOODWILL,950.32,,,,0
CM-9015,2026-08-04,INV-51187,C1110,GOODWILL,666.95,MGR,,,0
CM-9033,2026-08-04,INV-50960,C1047,RETURN_RESTOCK,69.18,MGR,,Y,10.38
CM-9066,2026-08-04,INV-51241,C1013,DAMAGED_IN_TRANSIT,415.51,MGR,N,,0
CM-9115,2026-08-04,INV-50389,C1047,PRICING_ERROR,173.57,MGR,,,0
CM-9003,2026-08-05,INV-50749,C1104,CUSTOMER_ORDER_ERROR,547.59,MGR,,,0
CM-9107,2026-08-05,INV-50246,C1066,WRONG_ITEM_PICKED,557.25,MGR,,,0
CM-9116,2026-08-05,INV-50919,C1028,RETURN_RESTOCK,488.21,MGR,,N,73.23
CM-9232,2026-08-05,INV-50603,C1031,PRICING_ERROR,797.5,MGR,,,0
CM-9058,2026-08-06,INV-50522,C1041,DAMAGED_IN_TRANSIT,332.0,,Y,,0
CM-9130,2026-08-06,INV-51194,C1016,RETURN_RESTOCK,416.88,MGR,,N,62.53
CM-9152,2026-08-06,INV-51153,C1006,WRONG_ITEM_PICKED,252.33,MGR,,,0
CM-9049,2026-08-07,INV-50886,C1002,PRICING_ERROR,70.18,MGR,,,0
CM-9034,2026-08-08,INV-51368,C1004,PRICING_ERROR,418.97,MGR,,,0
CM-9035,2026-08-08,INV-50678,C1009,DAMAGED_IN_TRANSIT,90.85,MGR,N,,0
CM-9132,2026-08-08,INV-50470,C1014,RETURN_RESTOCK,178.67,MGR,,Y,26.8
CM-9218,2026-08-08,INV-51408,C1003,RETURN_RESTOCK,580.79,MGR,,Y,87.12
CM-9045,2026-08-09,INV-51442,C1012,REBATE,178.5,MGR,,,0
CM-9161,2026-08-09,INV-50990,C1036,RETURN_RESTOCK,164.56,MGR,,N,24.68
CM-9012,2026-08-10,INV-50329,C1019,GOODWILL,171.87,,,,0
CM-9031,2026-08-10,INV-51362,C1016,CUSTOMER_ORDER_ERROR,601.06,MGR,,,0
CM-9046,2026-08-10,INV-51099,C1015,CUSTOMER_ORDER_ERROR,309.04,,,,0
CM-9212,2026-08-13,INV-50106,C1046,GOODWILL,169.83,,,,0
CM-9112,2026-08-14,INV-50455,C1092,DAMAGED_IN_TRANSIT,332.7,MGR,N,,0
CM-9226,2026-08-14,INV-51254,C1030,RETURN_RESTOCK,69.83,MGR,,N,10.47
CM-9173,2026-08-15,INV-50126,C1041,CUSTOMER_ORDER_ERROR,372.64,MGR,,,0
CM-9225,2026-08-15,INV-50585,C1030,CUSTOMER_ORDER_ERROR,528.33,MGR,,,0
CM-9060,2026-08-16,INV-50309,C1082,RETURN_RESTOCK,65.0,MGR,,N,9.75
CM-9207,2026-08-16,INV-51385,C1003,PRICING_ERROR,353.11,MGR,,,0
CM-9230,2026-08-16,INV-50610,C1014,DAMAGED_IN_TRANSIT,754.54,MGR,Y,,0
CM-9239,2026-08-16,INV-51121,C1020,CUSTOMER_ORDER_ERROR,142.19,MGR,,,0
CM-9038,2026-08-17,INV-50289,C1004,REBATE,285.16,MGR,,,0
CM-9085,2026-08-17,INV-50796,C1095,CUSTOMER_ORDER_ERROR,110.52,MGR,,,0
CM-9153,2026-08-17,INV-50370,C1005,DAMAGED_IN_TRANSIT,155.49,MGR,Y,,0
CM-9167,2026-08-17,INV-51330,C1022,CUSTOMER_ORDER_ERROR,745.77,MGR,,,0
CM-9206,2026-08-17,INV-50573,C1045,DAMAGED_IN_TRANSIT,267.73,MGR,N,,0
CM-9247,2026-08-17,INV-50439,C1036,WRONG_ITEM_PICKED,258.8,MGR,,,0
CM-9021,2026-08-18,INV-50105,C1078,RETURN_RESTOCK,56.82,MGR,,Y,8.52
CM-9134,2026-08-18,INV-51212,C1044,CUSTOMER_ORDER_ERROR,655.76,,,,0
CM-9008,2026-08-19,INV-50746,C1015,CUSTOMER_ORDER_ERROR,174.16,MGR,,,0
CM-9047,2026-08-19,INV-50795,C1006,CUSTOMER_ORDER_ERROR,678.12,MGR,,,0
CM-9228,2026-08-19,INV-51014,C1081,CUSTOMER_ORDER_ERROR,144.48,,,,0
CM-9241,2026-08-19,INV-50277,C1007,DAMAGED_IN_TRANSIT,482.94,MGR,N,,0
CM-9147,2026-08-20,INV-51460,C1004,CUSTOMER_ORDER_ERROR,341.8,MGR,,,0
CM-9068,2026-08-21,INV-51224,C1013,REBATE,277.51,MGR,,,0
CM-9169,2026-08-21,INV-50017,C1012,RETURN_RESTOCK,325.75,MGR,,N,48.86
CM-9128,2026-08-22,INV-50370,C1005,RETURN_RESTOCK,544.51,,,N,81.68
CM-9175,2026-08-22,INV-51121,C1020,CUSTOMER_ORDER_ERROR,102.26,MGR,,,0
CM-9229,2026-08-22,INV-50494,C1009,DAMAGED_IN_TRANSIT,114.24,MGR,N,,0
CM-9037,2026-08-23,INV-50233,C1119,REBATE,225.28,MGR,,,0
CM-9138,2026-08-23,INV-51374,C1007,REBATE,202.53,MGR,,,0
CM-9195,2026-08-23,INV-50493,C1012,REBATE,103.33,MGR,,,0
CM-9211,2026-08-23,INV-50182,C1029,CUSTOMER_ORDER_ERROR,67.2,MGR,,,0
CM-9102,2026-08-24,INV-50171,C1030,DAMAGED_IN_TRANSIT,397.03,MGR,N,,0
CM-9119,2026-08-24,INV-51056,C1013,GOODWILL,333.57,,,,0
CM-9084,2026-08-26,INV-50016,C1007,DAMAGED_IN_TRANSIT,321.72,MGR,Y,,0
CM-9136,2026-08-26,INV-51288,C1015,DAMAGED_IN_TRANSIT,734.09,MGR,Y,,0
CM-9145,2026-08-26,INV-50954,C1005,REBATE,160.48,MGR,,,0
CM-9155,2026-08-26,INV-51345,C1005,CUSTOMER_ORDER_ERROR,408.61,MGR,,,0
CM-9186,2026-08-26,INV-50509,C1064,CUSTOMER_ORDER_ERROR,301.85,MGR,,,0
CM-9205,2026-08-26,INV-51029,C1015,CUSTOMER_ORDER_ERROR,170.22,MGR,,,0
CM-9092,2026-08-27,INV-50604,C1027,DAMAGED_IN_TRANSIT,476.73,,N,,0
CM-9142,2026-08-27,INV-50893,C1109,WRONG_ITEM_PICKED,468.99,MGR,,,0
CM-9216,2026-08-27,INV-51076,C1006,WRONG_ITEM_PICKED,1308.11,MGR,,,0
CM-9094,2026-08-28,INV-50147,C1007,CUSTOMER_ORDER_ERROR,343.69,MGR,,,0
CM-9204,2026-08-28,INV-50579,C1006,CUSTOMER_ORDER_ERROR,237.21,MGR,,,0
CM-9052,2026-08-29,INV-50377,C1007,DAMAGED_IN_TRANSIT,70.79,MGR,N,,0
CM-9157,2026-08-29,INV-50284,C1032,WRONG_ITEM_PICKED,259.09,MGR,,,0
CM-9190,2026-08-29,INV-50765,C1008,RETURN_RESTOCK,94.14,MGR,,N,14.12
CM-9224,2026-08-29,INV-51020,C1054,PRICING_ERROR,421.25,MGR,,,0
CM-9237,2026-08-29,INV-50893,C1109,RETURN_RESTOCK,931.01,MGR,,N,139.65
CM-9109,2026-08-31,INV-50328,C1062,DAMAGED_IN_TRANSIT,105.69,MGR,N,,0
CM-9125,2026-08-31,INV-50272,C1027,CUSTOMER_ORDER_ERROR,811.1,MGR,,,0
CM-9156,2026-08-31,INV-51297,C1047,GOODWILL,208.69,MGR,,,0
CM-9106,2026-09-01,INV-50197,C1039,CUSTOMER_ORDER_ERROR,680.83,MGR,,,0
CM-9065,2026-09-02,INV-51032,C1041,CUSTOMER_ORDER_ERROR,421.45,MGR,,,0
CM-9071,2026-09-02,INV-51323,C1110,CUSTOMER_ORDER_ERROR,777.03,MGR,,,0
CM-9146,2026-09-02,INV-50683,C1091,RETURN_RESTOCK,353.41,MGR,,N,53.01
CM-9214,2026-09-02,INV-50607,C1023,DAMAGED_IN_TRANSIT,114.58,MGR,N,,0
CM-9050,2026-09-03,INV-50820,C1011,CUSTOMER_ORDER_ERROR,202.76,MGR,,,0
CM-9124,2026-09-03,INV-51307,C1008,PRICING_ERROR,105.63,,,,0
CM-9122,2026-09-04,INV-50141,C1015,WRONG_ITEM_PICKED,381.48,MGR,,,0
CM-9162,2026-09-04,INV-50185,C1077,DAMAGED_IN_TRANSIT,112.26,,N,,0
CM-9135,2026-09-05,INV-50358,C1020,CUSTOMER_ORDER_ERROR,51.73,MGR,,,0
CM-9164,2026-09-05,INV-50573,C1045,GOODWILL,350.15,,,,0
CM-9171,2026-09-05,INV-51245,C1046,RETURN_RESTOCK,403.12,MGR,,Y,60.47
CM-9172,2026-09-05,INV-50654,C1067,PRICING_ERROR,112.72,,,,0
CM-9259,2026-09-05,INV-50683,C1091,RETURN_RESTOCK,353.41,MGR,,,0
CM-9017,2026-09-06,INV-50420,C1030,PRICING_ERROR,282.24,MGR,,,0
CM-9184,2026-09-06,INV-51093,C1021,RETURN_RESTOCK,686.39,MGR,,N,102.96
CM-9198,2026-09-06,INV-50053,C1013,GOODWILL,651.59,MGR,,,0
CM-9244,2026-09-06,INV-50683,C1091,REBATE,258.89,MGR,,,0
CM-9257,2026-09-06,INV-50820,C1011,CUSTOMER_ORDER_ERROR,202.76,MGR,,,0
CM-9255,2026-09-07,INV-50654,C1067,PRICING_ERROR,112.72,,,,0
CM-9001,2026-09-08,INV-50884,C1105,RETURN_RESTOCK,88.72,MGR,,N,13.31
CM-9002,2026-09-08,INV-50379,C1041,RETURN_RESTOCK,272.44,MGR,,N,40.87
CM-9055,2026-09-08,INV-51109,C1041,RETURN_RESTOCK,649.84,,,N,97.48
CM-9078,2026-09-08,INV-51195,C1013,DAMAGED_IN_TRANSIT,205.43,,N,,0
CM-9093,2026-09-08,INV-50842,C1017,RETURN_RESTOCK,442.92,MGR,,N,66.44
CM-9041,2026-09-09,INV-50214,C1017,RETURN_RESTOCK,297.53,MGR,,Y,44.63
CM-9096,2026-09-09,INV-50874,C1009,PRICING_ERROR,1150.59,MGR,,,0
CM-9189,2026-09-09,INV-51500,C1047,GOODWILL,214.23,,,,0
CM-9040,2026-09-10,INV-51137,C1026,RETURN_RESTOCK,212.6,MGR,,N,31.89
CM-9100,2026-09-10,INV-51181,C1087,PRICING_ERROR,564.05,,,,0
CM-9246,2026-09-10,INV-50475,C1005,GOODWILL,89.98,,,,0
CM-9053,2026-09-11,INV-51133,C1060,CUSTOMER_ORDER_ERROR,372.03,MGR,,,0
CM-9233,2026-09-12,INV-50939,C1037,PRICING_ERROR,154.51,MGR,,,0
CM-9236,2026-09-12,INV-50231,C1007,DAMAGED_IN_TRANSIT,451.91,MGR,N,,0
CM-9062,2026-09-13,INV-50219,C1080,RETURN_RESTOCK,513.57,MGR,,N,77.04
CM-9063,2026-09-13,INV-50110,C1054,PRICING_ERROR,145.96,MGR,,,0
CM-9079,2026-09-13,INV-50682,C1032,PRICING_ERROR,219.54,MGR,,,0
CM-9166,2026-09-13,INV-51257,C1054,CUSTOMER_ORDER_ERROR,282.39,MGR,,,0
CM-9215,2026-09-13,INV-50475,C1005,PRICING_ERROR,89.98,MGR,,,0
CM-9077,2026-09-14,INV-50194,C1049,DAMAGED_IN_TRANSIT,428.54,MGR,N,,0
CM-9217,2026-09-14,INV-50878,C1008,PRICING_ERROR,387.22,,,,0
CM-9030,2026-09-15,INV-50517,C1017,REBATE,298.32,MGR,,,0
CM-9105,2026-09-15,INV-50376,C1022,REBATE,510.71,MGR,,,0
CM-9009,2026-09-16,INV-50492,C1007,CUSTOMER_ORDER_ERROR,905.36,MGR,,,0
CM-9158,2026-09-16,INV-50977,C1027,PRICING_ERROR,324.31,MGR,,,0
CM-9258,2026-09-16,INV-51257,C1054,CUSTOMER_ORDER_ERROR,282.39,MGR,,,0
CM-9069,2026-09-17,INV-50420,C1030,REBATE,1010.59,MGR,,,0
CM-9087,2026-09-17,INV-50840,C1010,CUSTOMER_ORDER_ERROR,204.91,,,,0
CM-9010,2026-09-18,INV-50462,C1077,WRONG_ITEM_PICKED,791.57,MGR,,,0
CM-9027,2026-09-18,INV-50453,C1036,PRICING_ERROR,83.1,,,,0
CM-9223,2026-09-18,INV-50495,C1080,DAMAGED_IN_TRANSIT,229.69,MGR,N,,0
CM-9139,2026-09-19,INV-51388,C1081,PRICING_ERROR,549.58,MGR,,,0
CM-9143,2026-09-19,INV-51467,C1011,GOODWILL,790.08,,,,0
CM-9059,2026-09-20,INV-50789,C1007,PRICING_ERROR,334.0,MGR,,,0
CM-9099,2026-09-20,INV-51354,C1010,RETURN_RESTOCK,223.37,MGR,,N,33.51
CM-9110,2026-09-20,INV-50940,C1010,CUSTOMER_ORDER_ERROR,509.04,MGR,,,0
CM-9070,2026-09-21,INV-50871,C1064,REBATE,246.42,,,,0
CM-9163,2026-09-21,INV-50708,C1095,RETURN_RESTOCK,473.78,MGR,,Y,71.07
CM-9196,2026-09-21,INV-50982,C1033,CUSTOMER_ORDER_ERROR,255.27,MGR,,,0
CM-9013,2026-09-22,INV-50991,C1020,RETURN_RESTOCK,350.67,MGR,,N,52.6
CM-9179,2026-09-22,INV-50031,C1006,RETURN_RESTOCK,146.88,MGR,,Y,22.03
CM-9200,2026-09-22,INV-50475,C1005,REBATE,89.98,,,,0
CM-9006,2026-09-23,INV-50860,C1015,WRONG_ITEM_PICKED,459.02,MGR,,,0
CM-9018,2026-09-23,INV-50843,C1060,PRICING_ERROR,837.99,MGR,,,0
CM-9032,2026-09-23,INV-50569,C1008,PRICING_ERROR,599.82,MGR,,,0
CM-9057,2026-09-23,INV-51147,C1023,REBATE,85.66,MGR,,,0
CM-9081,2026-09-23,INV-51393,C1053,REBATE,189.92,MGR,,,0
CM-9090,2026-09-23,INV-50429,C1010,RETURN_RESTOCK,301.64,MGR,,N,45.25
CM-9148,2026-09-23,INV-51027,C1035,REBATE,328.18,MGR,,,0
CM-9181,2026-09-23,INV-50878,C1008,DAMAGED_IN_TRANSIT,558.53,MGR,N,,0
CM-9193,2026-09-23,INV-50576,C1014,GOODWILL,137.01,,,,0
CM-9098,2026-09-24,INV-50450,C1015,CUSTOMER_ORDER_ERROR,177.13,MGR,,,0
CM-9160,2026-09-24,INV-50654,C1067,DAMAGED_IN_TRANSIT,349.57,,Y,,0
CM-9025,2026-09-25,INV-50840,C1010,RETURN_RESTOCK,118.62,MGR,,Y,17.79
CM-9007,2026-09-26,INV-51085,C1011,PRICING_ERROR,91.48,MGR,,,0
CM-9014,2026-09-26,INV-51071,C1002,PRICING_ERROR,438.07,MGR,,,0
CM-9016,2026-09-26,INV-51146,C1063,CUSTOMER_ORDER_ERROR,203.34,,,,0
CM-9028,2026-09-26,INV-50722,C1064,RETURN_RESTOCK,584.72,MGR,,N,87.71
CM-9029,2026-09-26,INV-51443,C1046,RETURN_RESTOCK,681.04,MGR,,Y,102.16
CM-9036,2026-09-26,INV-51126,C1049,WRONG_ITEM_PICKED,227.04,MGR,,,0
CM-9039,2026-09-26,INV-50039,C1119,RETURN_RESTOCK,69.92,MGR,,Y,10.49
CM-9042,2026-09-26,INV-51452,C1041,RETURN_RESTOCK,402.26,MGR,,N,60.34
CM-9043,2026-09-26,INV-50846,C1007,CUSTOMER_ORDER_ERROR,262.91,,,,0
CM-9048,2026-09-26,INV-51363,C1003,DAMAGED_IN_TRANSIT,220.63,MGR,N,,0
CM-9051,2026-09-26,INV-51148,C1103,CUSTOMER_ORDER_ERROR,1291.9,MGR,,,0
CM-9054,2026-09-26,INV-50871,C1064,PRICING_ERROR,205.31,MGR,,,0
CM-9064,2026-09-26,INV-51429,C1060,CUSTOMER_ORDER_ERROR,393.87,MGR,,,0
CM-9067,2026-09-26,INV-51040,C1012,REBATE,107.84,MGR,,,0
CM-9075,2026-09-26,INV-51046,C1075,CUSTOMER_ORDER_ERROR,418.63,MGR,,,0
CM-9086,2026-09-26,INV-51046,C1075,DAMAGED_IN_TRANSIT,418.63,,N,,0
CM-9088,2026-09-26,INV-50753,C1002,DAMAGED_IN_TRANSIT,218.47,MGR,N,,0
CM-9089,2026-09-26,INV-51204,C1006,PRICING_ERROR,189.19,,,,0
CM-9095,2026-09-26,INV-51381,C1027,PRICING_ERROR,377.88,MGR,,,0
CM-9104,2026-09-26,INV-50547,C1013,CUSTOMER_ORDER_ERROR,592.64,,,,0
CM-9113,2026-09-26,INV-51092,C1110,DAMAGED_IN_TRANSIT,115.75,MGR,N,,0
CM-9118,2026-09-26,INV-51383,C1003,RETURN_RESTOCK,113.34,MGR,,N,17.0
CM-9120,2026-09-26,INV-51068,C1099,CUSTOMER_ORDER_ERROR,127.88,MGR,,,0
CM-9121,2026-09-26,INV-50532,C1007,DAMAGED_IN_TRANSIT,575.02,MGR,N,,0
CM-9123,2026-09-26,INV-50556,C1048,PRICING_ERROR,500.49,MGR,,,0
CM-9126,2026-09-26,INV-50907,C1014,WRONG_ITEM_PICKED,453.18,MGR,,,0
CM-9137,2026-09-26,INV-51214,C1025,GOODWILL,174.91,MGR,,,0
CM-9140,2026-09-26,INV-50196,C1015,PRICING_ERROR,42.82,MGR,,,0
CM-9150,2026-09-26,INV-50088,C1041,RETURN_RESTOCK,433.65,MGR,,N,65.05
CM-9154,2026-09-26,INV-51390,C1098,DAMAGED_IN_TRANSIT,95.0,,Y,,0
CM-9168,2026-09-26,INV-50158,C1032,RETURN_RESTOCK,61.45,MGR,,Y,9.22
CM-9174,2026-09-26,INV-50591,C1043,DAMAGED_IN_TRANSIT,321.98,MGR,N,,0
CM-9178,2026-09-26,INV-50355,C1039,WRONG_ITEM_PICKED,76.65,MGR,,,0
CM-9182,2026-09-26,INV-51340,C1029,DAMAGED_IN_TRANSIT,229.27,MGR,N,,0
CM-9191,2026-09-26,INV-50211,C1015,CUSTOMER_ORDER_ERROR,662.63,,,,0
CM-9203,2026-09-26,INV-51383,C1003,RETURN_RESTOCK,537.92,MGR,,N,80.69
CM-9208,2026-09-26,INV-50863,C1035,CUSTOMER_ORDER_ERROR,601.21,MGR,,,0
CM-9209,2026-09-26,INV-50696,C1016,PRICING_ERROR,457.08,MGR,,,0
CM-9213,2026-09-26,INV-51092,C1110,WRONG_ITEM_PICKED,1435.56,,,,0
CM-9219,2026-09-26,INV-50841,C1043,PRICING_ERROR,87.99,MGR,,,0
CM-9227,2026-09-26,INV-50538,C1094,DAMAGED_IN_TRANSIT,279.82,MGR,Y,,0
CM-9231,2026-09-26,INV-50267,C1037,REBATE,498.64,MGR,,,0
CM-9242,2026-09-26,INV-51370,C1055,RETURN_RESTOCK,496.1,MGR,,N,74.42
CM-9243,2026-09-26,INV-50055,C1017,CUSTOMER_ORDER_ERROR,260.56,MGR,,,0
CM-9248,2026-09-26,INV-51390,C1098,CUSTOMER_ORDER_ERROR,806.19,MGR,,,0
CM-9252,2026-09-26,INV-51085,C1011,PRICING_ERROR,91.48,MGR,,,0
CM-9256,2026-09-26,INV-50039,C1119,RETURN_RESTOCK,69.92,MGR,,,0
CM-9260,2026-09-26,INV-51068,C1099,CUSTOMER_ORDER_ERROR,127.88,MGR,,,0
