invoice_id,ship_method,free_freight_policy_applies,carrier_freight_cost,freight_billed_to_customer,accessorial_type,accessorial_carrier_cost,accessorial_billed_to_customer
INV-50001,GROUND,Y,177.36,0,,0,0
INV-50002,WILL_CALL,N,0,0,,0,0
INV-50003,GROUND,N,66.07,66.07,,0,0
INV-50004,WILL_CALL,N,0,0,,0,0
INV-50005,GROUND,Y,240.25,0,,0,0
INV-50006,GROUND,N,95.46,95.46,,0,0
INV-50007,GROUND,Y,153.24,0,,0,0
INV-50008,WILL_CALL,N,0,0,,0,0
INV-50009,GROUND,Y,131.41,0,,0,0
INV-50010,GROUND,Y,179.57,0,,0,0
INV-50011,GROUND,Y,110.42,0,,0,0
INV-50012,GROUND,Y,192.38,0,,0,0
INV-50013,WILL_CALL,N,0,0,,0,0
INV-50014,GROUND,Y,171.23,0,,0,0
INV-50015,GROUND,N,99.67,0,,0,0
INV-50016,GROUND,Y,126.48,0,RESIDENTIAL,53.59,0
INV-50017,GROUND,N,70.55,70.55,,0,0
INV-50018,GROUND,N,57.0,57.0,,0,0
INV-50019,GROUND,N,65.01,65.01,DETENTION,213.75,0
INV-50020,LTL,N,147.39,147.39,,0,0
INV-50021,WILL_CALL,N,0,0,,0,0
INV-50022,GROUND,Y,103.98,0,LIFTGATE,55.99,0
INV-50023,GROUND,Y,260.18,0,,0,0
INV-50024,GROUND,N,62.43,62.43,,0,0
INV-50025,GROUND,Y,119.77,0,,0,0
INV-50026,GROUND,N,100.59,42.49,,0,0
INV-50027,GROUND,Y,123.64,0,,0,0
INV-50028,GROUND,Y,225.7,0,REDELIVERY,137.13,137.13
INV-50029,GROUND,Y,164.67,0,,0,0
INV-50030,GROUND,Y,164.6,0,,0,0
INV-50031,GROUND,N,41.8,41.8,,0,0
INV-50032,GROUND,Y,185.7,0,,0,0
INV-50033,GROUND,Y,138.2,0,,0,0
INV-50034,GROUND,Y,247.58,0,RESIDENTIAL,36.65,36.65
INV-50035,HOTSHOT,N,97.18,97.18,,0,0
INV-50036,GROUND,Y,171.36,0,,0,0
INV-50037,GROUND,Y,144.86,0,,0,0
INV-50038,GROUND,Y,294.33,0,,0,0
INV-50039,WILL_CALL,N,0,0,,0,0
INV-50040,GROUND,N,86.14,86.14,,0,0
INV-50041,LTL,Y,279.39,0,,0,0
INV-50042,LTL,Y,382.29,0,,0,0
INV-50043,WILL_CALL,N,0,0,,0,0
INV-50044,GROUND,Y,380.25,0,,0,0
INV-50045,GROUND,Y,94.24,0,,0,0
INV-50046,GROUND,N,61.03,0,,0,0
INV-50047,GROUND,N,82.81,0,,0,0
INV-50048,GROUND,Y,245.55,0,,0,0
INV-50049,GROUND,N,47.44,47.44,,0,0
INV-50050,GROUND,N,57.67,57.67,,0,0
INV-50051,GROUND,N,57.88,57.88,,0,0
INV-50052,GROUND,Y,480,0,,0,0
INV-50053,GROUND,N,75.2,75.2,,0,0
INV-50054,GROUND,N,93.21,93.21,,0,0
INV-50055,GROUND,N,41.29,41.29,,0,0
INV-50056,GROUND,N,36.35,0,,0,0
INV-50057,GROUND,N,67.97,67.97,,0,0
INV-50058,GROUND,N,68.69,68.69,RESIDENTIAL,45.15,0
INV-50059,WILL_CALL,N,0,0,,0,0
INV-50060,LTL,Y,159.84,0,,0,0
INV-50061,GROUND,Y,131.89,0,,0,0
INV-50062,GROUND,N,74.9,74.9,,0,0
INV-50063,GROUND,Y,154.67,0,,0,0
INV-50064,GROUND,Y,305.0,0,,0,0
INV-50065,GROUND,N,63.5,63.5,,0,0
INV-50066,GROUND,Y,122.07,0,,0,0
INV-50067,GROUND,N,105.16,0,,0,0
INV-50068,WILL_CALL,N,0,0,,0,0
INV-50069,GROUND,Y,343.83,0,,0,0
INV-50070,WILL_CALL,N,0,0,,0,0
INV-50071,GROUND,Y,269.2,0,,0,0
INV-50072,GROUND,N,66.93,26.98,DETENTION,259.61,0
INV-50073,GROUND,Y,168.09,0,,0,0
INV-50074,GROUND,Y,122.71,0,,0,0
INV-50075,WILL_CALL,N,0,0,,0,0
INV-50076,LTL,Y,299.79,0,,0,0
INV-50077,WILL_CALL,N,0,0,,0,0
INV-50078,WILL_CALL,N,0,0,,0,0
INV-50079,GROUND,Y,244.66,0,,0,0
INV-50080,LTL,Y,271.09,0,,0,0
INV-50081,HOTSHOT,N,221.91,0,,0,0
INV-50082,GROUND,N,94.0,0,,0,0
INV-50083,WILL_CALL,N,0,0,,0,0
INV-50084,GROUND,N,57.08,57.08,,0,0
INV-50085,WILL_CALL,N,0,0,,0,0
INV-50086,HOTSHOT,N,225.64,0,,0,0
INV-50087,LTL,N,143.24,143.24,,0,0
INV-50088,LTL,Y,186.59,0,,0,0
INV-50089,GROUND,N,81.09,81.09,,0,0
INV-50090,GROUND,Y,147.92,0,,0,0
INV-50091,GROUND,N,68.95,43.86,,0,0
INV-50092,GROUND,Y,126.67,0,REDELIVERY,56.1,0
INV-50093,LTL,Y,170.51,0,,0,0
INV-50094,GROUND,Y,102.67,0,,0,0
INV-50095,GROUND,N,89.7,89.7,,0,0
INV-50096,GROUND,Y,148.33,0,,0,0
INV-50097,GROUND,N,77.78,77.78,,0,0
INV-50098,GROUND,N,77.82,77.82,,0,0
INV-50099,WILL_CALL,N,0,0,,0,0
INV-50100,GROUND,N,75.24,75.24,,0,0
INV-50101,GROUND,Y,100.99,0,,0,0
INV-50102,GROUND,Y,136.15,0,,0,0
INV-50103,GROUND,Y,197.96,0,,0,0
INV-50104,GROUND,Y,118.32,0,,0,0
INV-50105,GROUND,Y,253.7,0,,0,0
INV-50106,GROUND,Y,115.29,0,,0,0
INV-50107,LTL,Y,209.57,0,DETENTION,142.87,142.87
INV-50108,GROUND,Y,146.32,0,,0,0
INV-50109,GROUND,Y,193.28,0,,0,0
INV-50110,GROUND,Y,158.34,0,,0,0
INV-50111,GROUND,N,82.4,82.4,,0,0
INV-50112,GROUND,N,56.45,56.45,,0,0
INV-50113,LTL,Y,258.84,0,,0,0
INV-50114,WILL_CALL,N,0,0,,0,0
INV-50115,GROUND,Y,138.19,0,,0,0
INV-50116,GROUND,N,79.49,0,,0,0
INV-50117,GROUND,Y,381.35,0,,0,0
INV-50118,GROUND,N,68.86,68.86,,0,0
INV-50119,LTL,Y,198.62,0,,0,0
INV-50120,GROUND,N,77.88,77.88,,0,0
INV-50121,GROUND,Y,130.02,0,,0,0
INV-50122,GROUND,Y,176.37,0,,0,0
INV-50123,GROUND,N,91.64,91.64,,0,0
INV-50124,GROUND,N,51.49,51.49,,0,0
INV-50125,GROUND,Y,185.16,0,,0,0
INV-50126,LTL,Y,203.66,0,,0,0
INV-50127,LTL,Y,357.96,0,,0,0
INV-50128,GROUND,Y,291.14,0,,0,0
INV-50129,WILL_CALL,N,0,0,,0,0
INV-50130,GROUND,Y,124.66,0,,0,0
INV-50131,GROUND,Y,149.86,0,,0,0
INV-50132,GROUND,Y,104.82,0,,0,0
INV-50133,WILL_CALL,N,0,0,,0,0
INV-50134,GROUND,Y,128.28,0,,0,0
INV-50135,GROUND,N,67.83,67.83,,0,0
INV-50136,GROUND,N,97.58,97.58,,0,0
INV-50137,LTL,Y,252.29,0,,0,0
INV-50138,LTL,Y,266.43,0,,0,0
INV-50139,GROUND,N,89.32,89.32,,0,0
INV-50140,LTL,N,127.64,127.64,,0,0
INV-50141,GROUND,Y,139.86,0,,0,0
INV-50142,GROUND,Y,176.88,0,,0,0
INV-50143,WILL_CALL,N,0,0,,0,0
INV-50144,WILL_CALL,N,0,0,,0,0
INV-50145,LTL,N,111.74,111.74,,0,0
INV-50146,GROUND,Y,268.99,0,,0,0
INV-50147,GROUND,Y,360.22,0,,0,0
INV-50148,GROUND,Y,144.16,0,,0,0
INV-50149,GROUND,Y,212.18,0,,0,0
INV-50150,GROUND,Y,480,0,,0,0
INV-50151,GROUND,Y,165.39,0,,0,0
INV-50152,GROUND,N,58.83,58.83,,0,0
INV-50153,LTL,Y,225.38,0,,0,0
INV-50154,WILL_CALL,N,0,0,,0,0
INV-50155,GROUND,N,71.41,71.41,,0,0
INV-50156,GROUND,Y,155.52,0,,0,0
INV-50157,LTL,Y,163.25,0,,0,0
INV-50158,GROUND,Y,143.23,0,,0,0
INV-50159,GROUND,N,85.7,85.7,,0,0
INV-50160,HOTSHOT,N,227.09,0,,0,0
INV-50161,GROUND,N,57.6,57.6,,0,0
INV-50162,GROUND,Y,112.69,0,,0,0
INV-50163,GROUND,Y,326.67,0,,0,0
INV-50164,GROUND,Y,409.59,0,,0,0
INV-50165,GROUND,Y,121.6,0,INSIDE_DELIVERY,102.38,0
INV-50166,GROUND,Y,126.95,0,,0,0
INV-50167,WILL_CALL,N,0,0,,0,0
INV-50168,GROUND,N,82.18,82.18,,0,0
INV-50169,GROUND,Y,253.77,0,,0,0
INV-50170,LTL,N,114.13,114.13,,0,0
INV-50171,GROUND,N,92.33,92.33,,0,0
INV-50172,LTL,Y,191.9,0,RESIDENTIAL,50.03,50.03
INV-50173,WILL_CALL,N,0,0,,0,0
INV-50174,LTL,Y,264.57,0,,0,0
INV-50175,GROUND,Y,390.85,0,LIFTGATE,94.69,94.69
INV-50176,GROUND,N,90.52,90.52,,0,0
INV-50177,GROUND,Y,195.77,0,LIFTGATE,75.85,0
INV-50178,GROUND,Y,166.73,0,,0,0
INV-50179,LTL,N,160.26,160.26,,0,0
INV-50180,GROUND,N,79.1,79.1,,0,0
INV-50181,GROUND,Y,138.03,0,,0,0
INV-50182,GROUND,Y,350.52,0,,0,0
INV-50183,GROUND,Y,120.67,0,,0,0
INV-50184,GROUND,N,92.91,0,,0,0
INV-50185,GROUND,Y,386.06,0,,0,0
INV-50186,HOTSHOT,N,193.38,193.38,,0,0
INV-50187,GROUND,Y,142.17,0,,0,0
INV-50188,GROUND,Y,357.1,0,,0,0
INV-50189,GROUND,Y,92.59,0,,0,0
INV-50190,GROUND,Y,210.21,0,,0,0
INV-50191,GROUND,Y,111.83,0,,0,0
INV-50192,GROUND,Y,240.5,0,,0,0
INV-50193,GROUND,Y,142.9,0,,0,0
INV-50194,GROUND,Y,207.6,0,,0,0
INV-50195,GROUND,Y,119.41,0,RESIDENTIAL,52.67,0
INV-50196,GROUND,N,79.88,0,,0,0
INV-50197,WILL_CALL,N,0,0,,0,0
INV-50198,GROUND,Y,111.07,0,,0,0
INV-50199,WILL_CALL,N,0,0,,0,0
INV-50200,WILL_CALL,N,0,0,,0,0
INV-50201,WILL_CALL,N,0,0,,0,0
INV-50202,GROUND,Y,181.71,0,,0,0
INV-50203,LTL,Y,207.55,0,,0,0
INV-50204,GROUND,N,75.11,75.11,RESIDENTIAL,57.49,57.49
INV-50205,HOTSHOT,N,222.8,0,DETENTION,157.55,0
INV-50206,LTL,N,137.11,0,,0,0
INV-50207,GROUND,Y,140.94,0,,0,0
INV-50208,GROUND,Y,240.8,0,,0,0
INV-50209,GROUND,N,78.12,78.12,,0,0
INV-50210,GROUND,N,86.43,0,,0,0
INV-50211,GROUND,Y,101.92,0,,0,0
INV-50212,GROUND,Y,113.16,0,,0,0
INV-50213,GROUND,Y,203.55,0,,0,0
INV-50214,GROUND,N,50.12,50.12,,0,0
INV-50215,LTL,N,126.31,126.31,,0,0
INV-50216,LTL,Y,480,0,,0,0
INV-50217,GROUND,Y,135.59,0,,0,0
INV-50218,GROUND,N,88.98,88.98,,0,0
INV-50219,GROUND,Y,146.42,0,,0,0
INV-50220,GROUND,Y,150.68,0,,0,0
INV-50221,WILL_CALL,N,0,0,,0,0
INV-50222,LTL,Y,162.56,0,,0,0
INV-50223,GROUND,Y,160.5,0,,0,0
INV-50224,GROUND,N,81.65,81.65,,0,0
INV-50225,LTL,N,155.59,155.59,REDELIVERY,126.98,0
INV-50226,GROUND,Y,119.63,0,,0,0
INV-50227,GROUND,Y,281.58,0,,0,0
INV-50228,WILL_CALL,N,0,0,,0,0
INV-50229,GROUND,Y,96.67,0,,0,0
INV-50230,GROUND,Y,438.24,0,,0,0
INV-50231,HOTSHOT,N,158.75,158.75,,0,0
INV-50232,GROUND,Y,97.15,0,,0,0
INV-50233,GROUND,N,82.01,82.01,,0,0
INV-50234,GROUND,Y,181.87,0,,0,0
INV-50235,LTL,N,124.61,0,,0,0
INV-50236,GROUND,Y,157.51,0,,0,0
INV-50237,GROUND,Y,196.02,0,,0,0
INV-50238,WILL_CALL,N,0,0,,0,0
INV-50239,GROUND,N,86.15,86.15,,0,0
INV-50240,GROUND,Y,101.71,0,,0,0
INV-50241,GROUND,Y,236.91,0,,0,0
INV-50242,GROUND,Y,166.85,0,DETENTION,133.9,133.9
INV-50243,GROUND,Y,170.46,0,,0,0
INV-50244,GROUND,Y,159.02,0,,0,0
INV-50245,GROUND,Y,188.6,0,,0,0
INV-50246,GROUND,Y,146.8,0,,0,0
INV-50247,GROUND,N,60.07,60.07,,0,0
INV-50248,WILL_CALL,N,0,0,,0,0
INV-50249,GROUND,N,74.4,0,,0,0
INV-50250,GROUND,Y,276.28,0,,0,0
INV-50251,GROUND,N,73.6,73.6,,0,0
INV-50252,GROUND,Y,240.97,0,,0,0
INV-50253,WILL_CALL,N,0,0,,0,0
INV-50254,GROUND,Y,143.55,0,,0,0
INV-50255,GROUND,Y,193.24,0,,0,0
INV-50256,GROUND,Y,172.85,0,,0,0
INV-50257,GROUND,N,79.66,79.66,,0,0
INV-50258,GROUND,N,63.65,63.65,,0,0
INV-50259,GROUND,Y,144.11,0,INSIDE_DELIVERY,92.66,92.66
INV-50260,GROUND,Y,172.04,0,,0,0
INV-50261,WILL_CALL,N,0,0,,0,0
INV-50262,GROUND,N,92.33,92.33,,0,0
INV-50263,WILL_CALL,N,0,0,,0,0
INV-50264,WILL_CALL,N,0,0,,0,0
INV-50265,WILL_CALL,N,0,0,,0,0
INV-50266,GROUND,N,75.02,75.02,,0,0
INV-50267,GROUND,N,69.95,69.95,,0,0
INV-50268,GROUND,N,79.76,79.76,,0,0
INV-50269,WILL_CALL,N,0,0,,0,0
INV-50270,GROUND,N,59.86,59.86,,0,0
INV-50271,GROUND,Y,119.85,0,,0,0
INV-50272,LTL,Y,191.33,0,,0,0
INV-50273,GROUND,N,64.1,64.1,,0,0
INV-50274,GROUND,N,82.59,0,,0,0
INV-50275,GROUND,N,65.17,0,,0,0
INV-50276,GROUND,Y,173.58,0,DETENTION,94.3,0
INV-50277,GROUND,N,99.24,99.24,,0,0
INV-50278,GROUND,Y,174.77,0,,0,0
INV-50279,GROUND,Y,152.55,0,,0,0
INV-50280,GROUND,Y,151.47,0,,0,0
INV-50281,GROUND,N,101.8,101.8,,0,0
INV-50282,GROUND,Y,175.09,0,,0,0
INV-50283,LTL,N,167.15,167.15,,0,0
INV-50284,WILL_CALL,N,0,0,,0,0
INV-50285,WILL_CALL,N,0,0,,0,0
INV-50286,WILL_CALL,N,0,0,,0,0
INV-50287,GROUND,Y,190.86,0,,0,0
INV-50288,GROUND,Y,186.66,0,,0,0
INV-50289,GROUND,Y,158.39,0,,0,0
INV-50290,GROUND,Y,144.85,0,,0,0
INV-50291,GROUND,N,49.11,20.51,,0,0
INV-50292,GROUND,N,46.53,46.53,,0,0
INV-50293,WILL_CALL,N,0,0,,0,0
INV-50294,GROUND,Y,126.83,0,,0,0
INV-50295,HOTSHOT,N,173.52,120.01,,0,0
INV-50296,GROUND,N,91.27,58.25,,0,0
INV-50297,GROUND,Y,128.25,0,,0,0
INV-50298,GROUND,Y,166.04,0,,0,0
INV-50299,WILL_CALL,N,0,0,,0,0
INV-50300,GROUND,N,49.48,25.26,,0,0
INV-50301,GROUND,Y,112.07,0,,0,0
INV-50302,GROUND,N,80.68,80.68,,0,0
INV-50303,WILL_CALL,N,0,0,,0,0
INV-50304,GROUND,Y,92.46,0,,0,0
INV-50305,GROUND,Y,150.05,0,,0,0
INV-50306,WILL_CALL,N,0,0,,0,0
INV-50307,GROUND,N,63.55,63.55,,0,0
INV-50308,GROUND,N,70.19,70.19,,0,0
INV-50309,GROUND,N,104.28,104.28,,0,0
INV-50310,GROUND,Y,184.41,0,,0,0
INV-50311,GROUND,N,57.03,0,,0,0
INV-50312,LTL,Y,195.96,0,,0,0
INV-50313,GROUND,Y,115.59,0,,0,0
INV-50314,LTL,Y,187.57,0,,0,0
INV-50315,GROUND,Y,96.21,0,,0,0
INV-50316,WILL_CALL,N,0,0,,0,0
INV-50317,GROUND,N,76.56,52.74,,0,0
INV-50318,GROUND,Y,142.08,0,,0,0
INV-50319,HOTSHOT,N,103.42,103.42,,0,0
INV-50320,LTL,Y,480,0,DETENTION,211.9,0
INV-50321,WILL_CALL,N,0,0,,0,0
INV-50322,GROUND,N,38.25,38.25,,0,0
INV-50323,GROUND,N,78.17,78.17,,0,0
INV-50324,GROUND,Y,196.32,0,,0,0
INV-50325,GROUND,N,91.6,91.6,INSIDE_DELIVERY,112.03,0
INV-50326,GROUND,Y,95.91,0,,0,0
INV-50327,GROUND,Y,228.52,0,,0,0
INV-50328,GROUND,N,94.83,94.83,,0,0
INV-50329,GROUND,N,87.27,87.27,LIFTGATE,49.26,0
INV-50330,GROUND,N,63.1,63.1,REDELIVERY,131.1,0
INV-50331,GROUND,N,37.19,37.19,,0,0
INV-50332,GROUND,N,78.51,78.51,,0,0
INV-50333,LTL,Y,466.49,0,DETENTION,206.3,0
INV-50334,GROUND,Y,111.74,0,,0,0
INV-50335,HOTSHOT,N,214.55,0,,0,0
INV-50336,LTL,Y,224.77,0,,0,0
INV-50337,LTL,Y,226.58,0,LIFTGATE,58.98,58.98
INV-50338,GROUND,Y,127.54,0,,0,0
INV-50339,LTL,Y,183.03,0,,0,0
INV-50340,GROUND,N,77.96,77.96,,0,0
INV-50341,GROUND,N,72.74,72.74,,0,0
INV-50342,LTL,N,107.26,107.26,,0,0
INV-50343,HOTSHOT,N,134.17,134.17,,0,0
INV-50344,GROUND,N,88.27,88.27,,0,0
INV-50345,GROUND,Y,162.37,0,,0,0
INV-50346,GROUND,N,78.8,78.8,,0,0
INV-50347,WILL_CALL,N,0,0,,0,0
INV-50348,GROUND,Y,128.05,0,,0,0
INV-50349,GROUND,Y,150.6,0,,0,0
INV-50350,LTL,N,110.51,110.51,,0,0
INV-50351,WILL_CALL,N,0,0,,0,0
INV-50352,GROUND,N,74.61,74.61,,0,0
INV-50353,GROUND,Y,315.27,0,,0,0
INV-50354,GROUND,N,72.26,72.26,,0,0
INV-50355,GROUND,Y,142.48,0,,0,0
INV-50356,GROUND,Y,198.57,0,,0,0
INV-50357,LTL,Y,260.92,0,,0,0
INV-50358,GROUND,Y,139.68,0,,0,0
INV-50359,GROUND,N,50.4,50.4,,0,0
INV-50360,LTL,Y,176.52,0,,0,0
INV-50361,LTL,N,154.78,83.67,,0,0
INV-50362,HOTSHOT,N,167.14,167.14,,0,0
INV-50363,GROUND,N,33.35,33.35,,0,0
INV-50364,LTL,Y,328.73,0,,0,0
INV-50365,GROUND,Y,284.91,0,,0,0
INV-50366,GROUND,N,78.43,78.43,,0,0
INV-50367,GROUND,Y,278.71,0,,0,0
INV-50368,WILL_CALL,N,0,0,,0,0
INV-50369,LTL,N,138.59,138.59,DETENTION,150.87,0
INV-50370,GROUND,N,75.14,75.14,,0,0
INV-50371,GROUND,N,90.03,90.03,,0,0
INV-50372,LTL,N,166.61,0,,0,0
INV-50373,GROUND,Y,182.29,0,,0,0
INV-50374,GROUND,Y,145.3,0,,0,0
INV-50375,GROUND,Y,111.77,0,,0,0
INV-50376,GROUND,Y,193.83,0,,0,0
INV-50377,LTL,N,118.3,118.3,,0,0
INV-50378,GROUND,Y,143.34,0,,0,0
INV-50379,GROUND,Y,310.49,0,,0,0
INV-50380,GROUND,N,82.76,82.76,,0,0
INV-50381,GROUND,N,108.07,0,,0,0
INV-50382,GROUND,Y,214.35,0,,0,0
INV-50383,WILL_CALL,N,0,0,,0,0
INV-50384,LTL,Y,193.64,0,,0,0
INV-50385,GROUND,N,89.86,0,,0,0
INV-50386,LTL,Y,166.27,0,,0,0
INV-50387,GROUND,Y,295.63,0,,0,0
INV-50388,GROUND,Y,191.45,0,,0,0
INV-50389,LTL,Y,330.26,0,,0,0
INV-50390,LTL,Y,182.28,0,,0,0
INV-50391,GROUND,N,62.39,62.39,,0,0
INV-50392,GROUND,Y,480,0,,0,0
INV-50393,GROUND,Y,105.93,0,,0,0
INV-50394,GROUND,Y,122.37,0,,0,0
INV-50395,GROUND,N,84.15,84.15,,0,0
INV-50396,GROUND,Y,176.11,0,,0,0
INV-50397,LTL,Y,195.84,0,,0,0
INV-50398,GROUND,N,86.66,86.66,DETENTION,250.48,0
INV-50399,GROUND,N,86.53,86.53,,0,0
INV-50400,GROUND,Y,176.97,0,,0,0
INV-50401,GROUND,N,89.3,89.3,,0,0
INV-50402,GROUND,Y,145.83,0,,0,0
INV-50403,GROUND,N,89.28,0,,0,0
INV-50404,HOTSHOT,N,135.73,0,,0,0
INV-50405,GROUND,Y,239.96,0,,0,0
INV-50406,GROUND,Y,441.31,0,,0,0
INV-50407,GROUND,Y,161.91,0,,0,0
INV-50408,GROUND,Y,162.24,0,,0,0
INV-50409,GROUND,N,54.61,54.61,,0,0
INV-50410,LTL,Y,219.79,0,,0,0
INV-50411,WILL_CALL,N,0,0,,0,0
INV-50412,GROUND,N,67.69,67.69,INSIDE_DELIVERY,97.37,0
INV-50413,GROUND,Y,111.65,0,,0,0
INV-50414,GROUND,N,84.0,84.0,,0,0
INV-50415,GROUND,N,66.09,42.63,,0,0
INV-50416,GROUND,Y,146.25,0,,0,0
INV-50417,GROUND,Y,124.81,0,,0,0
INV-50418,GROUND,Y,132.15,0,,0,0
INV-50419,LTL,Y,250.46,0,,0,0
INV-50420,WILL_CALL,N,0,0,,0,0
INV-50421,GROUND,Y,220.27,0,,0,0
INV-50422,GROUND,Y,137.54,0,INSIDE_DELIVERY,106.51,106.51
INV-50423,WILL_CALL,N,0,0,,0,0
INV-50424,GROUND,Y,218.44,0,INSIDE_DELIVERY,69.87,0
INV-50425,GROUND,Y,101.23,0,,0,0
INV-50426,GROUND,Y,166.08,0,,0,0
INV-50427,GROUND,N,77.14,77.14,,0,0
INV-50428,GROUND,Y,198.41,0,,0,0
INV-50429,GROUND,N,106.95,106.95,,0,0
INV-50430,WILL_CALL,N,0,0,,0,0
INV-50431,GROUND,Y,387.23,0,,0,0
INV-50432,GROUND,Y,116.07,0,,0,0
INV-50433,GROUND,N,54.47,54.47,,0,0
INV-50434,GROUND,Y,459.51,0,LIFTGATE,84.76,0
INV-50435,WILL_CALL,N,0,0,,0,0
INV-50436,WILL_CALL,N,0,0,,0,0
INV-50437,WILL_CALL,N,0,0,,0,0
INV-50438,LTL,N,162.3,0,,0,0
INV-50439,LTL,Y,189.78,0,,0,0
INV-50440,HOTSHOT,N,160.91,160.91,,0,0
INV-50441,HOTSHOT,N,122.51,0,,0,0
INV-50442,GROUND,Y,243.59,0,DETENTION,246.04,246.04
INV-50443,GROUND,Y,182.43,0,,0,0
INV-50444,LTL,N,113.53,113.53,,0,0
INV-50445,GROUND,Y,111.58,0,REDELIVERY,74.17,0
INV-50446,GROUND,N,59.94,59.94,,0,0
INV-50447,GROUND,N,59.18,59.18,,0,0
INV-50448,GROUND,Y,244.81,0,,0,0
INV-50449,WILL_CALL,N,0,0,,0,0
INV-50450,GROUND,Y,311.08,0,,0,0
INV-50451,WILL_CALL,N,0,0,,0,0
INV-50452,GROUND,Y,119.17,0,,0,0
INV-50453,HOTSHOT,N,181.81,102.85,,0,0
INV-50454,GROUND,Y,189.76,0,,0,0
INV-50455,GROUND,Y,137.37,0,,0,0
INV-50456,GROUND,Y,389.73,0,,0,0
INV-50457,GROUND,N,77.43,77.43,,0,0
INV-50458,WILL_CALL,N,0,0,,0,0
INV-50459,LTL,N,126.7,79.85,,0,0
INV-50460,GROUND,Y,273.43,0,,0,0
INV-50461,GROUND,N,85.19,0,,0,0
INV-50462,LTL,Y,253.36,0,,0,0
INV-50463,WILL_CALL,N,0,0,,0,0
INV-50464,WILL_CALL,N,0,0,,0,0
INV-50465,LTL,Y,192.74,0,,0,0
INV-50466,LTL,N,141.84,69.33,,0,0
INV-50467,WILL_CALL,N,0,0,,0,0
INV-50468,GROUND,Y,249.73,0,,0,0
INV-50469,GROUND,N,96.04,96.04,,0,0
INV-50470,GROUND,Y,201.03,0,,0,0
INV-50471,GROUND,Y,153.51,0,,0,0
INV-50472,GROUND,Y,192.95,0,,0,0
INV-50473,GROUND,Y,141.68,0,,0,0
INV-50474,WILL_CALL,N,0,0,,0,0
INV-50475,GROUND,N,31.83,31.83,,0,0
INV-50476,GROUND,Y,189.06,0,,0,0
INV-50477,LTL,N,148.73,148.73,,0,0
INV-50478,GROUND,Y,131.85,0,,0,0
INV-50479,LTL,Y,179.84,0,,0,0
INV-50480,GROUND,N,57.28,0,LIFTGATE,57.8,57.8
INV-50481,GROUND,Y,119.26,0,,0,0
INV-50482,WILL_CALL,N,0,0,,0,0
INV-50483,GROUND,N,86.29,86.29,,0,0
INV-50484,GROUND,N,45.08,45.08,,0,0
INV-50485,GROUND,Y,91.35,0,,0,0
INV-50486,GROUND,Y,266.18,0,,0,0
INV-50487,GROUND,N,75.41,75.41,,0,0
INV-50488,LTL,N,127.93,127.93,,0,0
INV-50489,WILL_CALL,N,0,0,,0,0
INV-50490,WILL_CALL,N,0,0,,0,0
INV-50491,GROUND,N,45.55,0,,0,0
INV-50492,WILL_CALL,N,0,0,,0,0
INV-50493,GROUND,Y,214.0,0,,0,0
INV-50494,GROUND,N,61.36,61.36,LIFTGATE,57.0,0
INV-50495,GROUND,Y,121.45,0,,0,0
INV-50496,GROUND,N,66.81,66.81,LIFTGATE,64.55,64.55
INV-50497,HOTSHOT,N,210.97,119.88,,0,0
INV-50498,WILL_CALL,N,0,0,,0,0
INV-50499,GROUND,Y,229.4,0,,0,0
INV-50500,GROUND,Y,273.47,0,,0,0
INV-50501,WILL_CALL,N,0,0,,0,0
INV-50502,HOTSHOT,N,93.86,93.86,,0,0
INV-50503,LTL,N,131.46,0,DETENTION,163.22,0
INV-50504,GROUND,Y,179.5,0,,0,0
INV-50505,GROUND,Y,307.16,0,,0,0
INV-50506,GROUND,Y,139.68,0,,0,0
INV-50507,GROUND,Y,295.38,0,,0,0
INV-50508,GROUND,N,62.21,62.21,,0,0
INV-50509,GROUND,N,63.25,0,,0,0
INV-50510,GROUND,N,85.61,85.61,,0,0
INV-50511,GROUND,N,49.62,49.62,,0,0
INV-50512,GROUND,Y,223.05,0,,0,0
INV-50513,GROUND,N,67.89,67.89,REDELIVERY,148.34,148.34
INV-50514,GROUND,Y,396.21,0,,0,0
INV-50515,LTL,Y,165.81,0,,0,0
INV-50516,GROUND,N,69.28,69.28,,0,0
INV-50517,GROUND,Y,137.52,0,,0,0
INV-50518,GROUND,N,86.04,86.04,,0,0
INV-50519,GROUND,N,48.2,24.73,,0,0
INV-50520,GROUND,N,37.09,37.09,,0,0
INV-50521,HOTSHOT,N,172.12,0,,0,0
INV-50522,GROUND,Y,138.4,0,,0,0
INV-50523,WILL_CALL,N,0,0,,0,0
INV-50524,GROUND,Y,141.2,0,,0,0
INV-50525,GROUND,Y,145.67,0,,0,0
INV-50526,GROUND,Y,134.03,0,REDELIVERY,111.75,111.75
INV-50527,LTL,N,155.19,155.19,RESIDENTIAL,38.77,0
INV-50528,WILL_CALL,N,0,0,,0,0
INV-50529,WILL_CALL,N,0,0,,0,0
INV-50530,GROUND,Y,224.37,0,,0,0
INV-50531,GROUND,N,80.63,80.63,,0,0
INV-50532,GROUND,Y,105.47,0,,0,0
INV-50533,GROUND,N,61.48,0,,0,0
INV-50534,WILL_CALL,N,0,0,,0,0
INV-50535,GROUND,N,59.93,24.47,,0,0
INV-50536,HOTSHOT,N,91.16,0,,0,0
INV-50537,GROUND,Y,135.76,0,,0,0
INV-50538,GROUND,Y,250.86,0,,0,0
INV-50539,WILL_CALL,N,0,0,,0,0
INV-50540,LTL,N,139.29,74.9,,0,0
INV-50541,GROUND,Y,169.86,0,RESIDENTIAL,57.84,57.84
INV-50542,GROUND,Y,120.91,0,,0,0
INV-50543,GROUND,Y,106.3,0,,0,0
INV-50544,GROUND,Y,137.61,0,,0,0
INV-50545,GROUND,Y,164.54,0,,0,0
INV-50546,GROUND,Y,108.69,0,,0,0
INV-50547,GROUND,Y,173.54,0,,0,0
INV-50548,GROUND,Y,148.9,0,,0,0
INV-50549,GROUND,Y,108.45,0,,0,0
INV-50550,GROUND,Y,414.46,0,,0,0
INV-50551,GROUND,Y,364.46,0,,0,0
INV-50552,GROUND,N,89.21,61.58,,0,0
INV-50553,WILL_CALL,N,0,0,,0,0
INV-50554,GROUND,Y,308.87,0,,0,0
INV-50555,GROUND,N,87.36,87.36,,0,0
INV-50556,LTL,Y,216.41,0,,0,0
INV-50557,GROUND,Y,123.95,0,,0,0
INV-50558,GROUND,N,68.15,68.15,,0,0
INV-50559,LTL,Y,155.31,0,,0,0
INV-50560,GROUND,Y,235.67,0,,0,0
INV-50561,HOTSHOT,N,94.54,94.54,,0,0
INV-50562,GROUND,N,84.96,84.96,DETENTION,250.28,0
INV-50563,GROUND,N,47.18,47.18,,0,0
INV-50564,GROUND,Y,110.2,0,,0,0
INV-50565,GROUND,Y,106.02,0,,0,0
INV-50566,GROUND,N,65.51,65.51,,0,0
INV-50567,GROUND,N,69.89,69.89,,0,0
INV-50568,GROUND,Y,156.32,0,,0,0
INV-50569,GROUND,N,71.61,71.61,,0,0
INV-50570,GROUND,Y,130.94,0,,0,0
INV-50571,GROUND,N,94.18,0,,0,0
INV-50572,LTL,Y,267.3,0,,0,0
INV-50573,HOTSHOT,N,236.26,236.26,,0,0
INV-50574,GROUND,Y,263.28,0,,0,0
INV-50575,WILL_CALL,N,0,0,,0,0
INV-50576,GROUND,N,68.02,68.02,,0,0
INV-50577,GROUND,Y,151.55,0,,0,0
INV-50578,GROUND,Y,228.49,0,,0,0
INV-50579,GROUND,Y,199.97,0,LIFTGATE,64.6,0
INV-50580,HOTSHOT,N,194.5,194.5,,0,0
INV-50581,WILL_CALL,N,0,0,,0,0
INV-50582,WILL_CALL,N,0,0,,0,0
INV-50583,LTL,Y,159.48,0,,0,0
INV-50584,LTL,Y,169.2,0,,0,0
INV-50585,GROUND,N,74.11,74.11,,0,0
INV-50586,GROUND,N,54.01,54.01,,0,0
INV-50587,WILL_CALL,N,0,0,,0,0
INV-50588,GROUND,N,80.46,80.46,,0,0
INV-50589,GROUND,N,49.8,49.8,LIFTGATE,51.12,51.12
INV-50590,GROUND,N,72.1,72.1,DETENTION,258.3,0
INV-50591,GROUND,Y,152.67,0,,0,0
INV-50592,GROUND,Y,277.33,0,,0,0
INV-50593,GROUND,Y,175.86,0,,0,0
INV-50594,GROUND,N,108.75,108.75,,0,0
INV-50595,GROUND,N,74.78,74.78,,0,0
INV-50596,GROUND,Y,236.79,0,,0,0
INV-50597,GROUND,Y,397.49,0,,0,0
INV-50598,GROUND,Y,214.31,0,,0,0
INV-50599,GROUND,N,89.93,89.93,,0,0
INV-50600,GROUND,N,44.83,44.83,,0,0
INV-50601,WILL_CALL,N,0,0,,0,0
INV-50602,GROUND,Y,238.21,0,,0,0
INV-50603,GROUND,N,72.9,72.9,,0,0
INV-50604,WILL_CALL,N,0,0,,0,0
INV-50605,WILL_CALL,N,0,0,,0,0
INV-50606,GROUND,Y,229.06,0,,0,0
INV-50607,HOTSHOT,N,138.87,0,,0,0
INV-50608,WILL_CALL,N,0,0,,0,0
INV-50609,GROUND,Y,196.02,0,,0,0
INV-50610,LTL,Y,281.23,0,LIFTGATE,62.13,0
INV-50611,LTL,Y,173.59,0,,0,0
INV-50612,GROUND,Y,157.4,0,,0,0
INV-50613,GROUND,Y,108.47,0,,0,0
INV-50614,GROUND,Y,94.61,0,,0,0
INV-50615,GROUND,Y,257.35,0,,0,0
INV-50616,GROUND,Y,165.48,0,,0,0
INV-50617,GROUND,Y,141.27,0,,0,0
INV-50618,GROUND,Y,164.41,0,,0,0
INV-50619,WILL_CALL,N,0,0,,0,0
INV-50620,GROUND,N,73.46,73.46,,0,0
INV-50621,GROUND,Y,172.4,0,,0,0
INV-50622,GROUND,Y,120.03,0,,0,0
INV-50623,GROUND,Y,162.05,0,,0,0
INV-50624,GROUND,Y,187.15,0,,0,0
INV-50625,GROUND,Y,214.18,0,,0,0
INV-50626,GROUND,N,41.26,41.26,,0,0
INV-50627,GROUND,N,56.04,56.04,,0,0
INV-50628,GROUND,Y,138.8,0,,0,0
INV-50629,GROUND,N,84.69,84.69,,0,0
INV-50630,GROUND,Y,130.62,0,,0,0
INV-50631,HOTSHOT,N,163.15,163.15,,0,0
INV-50632,WILL_CALL,N,0,0,,0,0
INV-50633,GROUND,Y,226.29,0,,0,0
INV-50634,GROUND,Y,235.91,0,,0,0
INV-50635,WILL_CALL,N,0,0,,0,0
INV-50636,GROUND,N,47.67,47.67,,0,0
INV-50637,WILL_CALL,N,0,0,,0,0
INV-50638,GROUND,Y,173.13,0,,0,0
INV-50639,GROUND,Y,311.59,0,,0,0
INV-50640,GROUND,N,47.07,47.07,,0,0
INV-50641,GROUND,Y,202.94,0,,0,0
INV-50642,HOTSHOT,N,232.19,232.19,,0,0
INV-50643,GROUND,N,81.15,81.15,,0,0
INV-50644,GROUND,N,58.85,58.85,,0,0
INV-50645,GROUND,Y,249.1,0,,0,0
INV-50646,GROUND,N,60.17,25.24,,0,0
INV-50647,GROUND,Y,125.54,0,,0,0
INV-50648,LTL,Y,225.63,0,,0,0
INV-50649,WILL_CALL,N,0,0,,0,0
INV-50650,LTL,Y,197.76,0,,0,0
INV-50651,GROUND,Y,115.45,0,,0,0
INV-50652,GROUND,Y,124.8,0,,0,0
INV-50653,WILL_CALL,N,0,0,,0,0
INV-50654,GROUND,Y,173.87,0,,0,0
INV-50655,WILL_CALL,N,0,0,,0,0
INV-50656,GROUND,Y,187.65,0,,0,0
INV-50657,GROUND,Y,154.26,0,,0,0
INV-50658,LTL,Y,228.24,0,,0,0
INV-50659,GROUND,N,63.81,63.81,,0,0
INV-50660,WILL_CALL,N,0,0,,0,0
INV-50661,GROUND,Y,310.07,0,,0,0
INV-50662,GROUND,Y,205.38,0,,0,0
INV-50663,GROUND,Y,97.75,0,LIFTGATE,88.72,0
INV-50664,LTL,N,134.4,134.4,,0,0
INV-50665,GROUND,Y,212.57,0,,0,0
INV-50666,LTL,N,144.48,144.48,,0,0
INV-50667,GROUND,N,41.23,0,,0,0
INV-50668,GROUND,Y,251.12,0,,0,0
INV-50669,WILL_CALL,N,0,0,,0,0
INV-50670,GROUND,Y,121.18,0,,0,0
INV-50671,GROUND,Y,215.98,0,,0,0
INV-50672,WILL_CALL,N,0,0,,0,0
INV-50673,GROUND,Y,145.09,0,,0,0
INV-50674,GROUND,N,65.18,65.18,,0,0
INV-50675,LTL,N,155.41,155.41,LIFTGATE,64.79,64.79
INV-50676,HOTSHOT,N,159.26,0,,0,0
INV-50677,WILL_CALL,N,0,0,,0,0
INV-50678,GROUND,Y,172.63,0,,0,0
INV-50679,GROUND,N,103.59,103.59,,0,0
INV-50680,GROUND,Y,188.75,0,,0,0
INV-50681,GROUND,Y,151.81,0,,0,0
INV-50682,LTL,N,162.24,162.24,,0,0
INV-50683,GROUND,Y,249.64,0,,0,0
INV-50684,GROUND,Y,211.72,0,,0,0
INV-50685,LTL,N,95.48,95.48,,0,0
INV-50686,LTL,N,99.89,99.89,,0,0
INV-50687,LTL,Y,183.3,0,,0,0
INV-50688,GROUND,Y,166.57,0,,0,0
INV-50689,GROUND,N,81.54,81.54,,0,0
INV-50690,GROUND,N,90.46,90.46,,0,0
INV-50691,GROUND,N,47.7,47.7,,0,0
INV-50692,WILL_CALL,N,0,0,,0,0
INV-50693,GROUND,N,58.86,0,,0,0
INV-50694,GROUND,Y,186.36,0,,0,0
INV-50695,GROUND,N,68.26,68.26,,0,0
INV-50696,GROUND,Y,230.72,0,,0,0
INV-50697,WILL_CALL,N,0,0,,0,0
INV-50698,GROUND,Y,225.01,0,REDELIVERY,113.4,113.4
INV-50699,WILL_CALL,N,0,0,,0,0
INV-50700,GROUND,Y,324.93,0,,0,0
INV-50701,GROUND,Y,153.3,0,,0,0
INV-50702,GROUND,Y,124.63,0,,0,0
INV-50703,GROUND,Y,222.77,0,,0,0
INV-50704,GROUND,Y,109.28,0,,0,0
INV-50705,HOTSHOT,N,99.33,99.33,,0,0
INV-50706,WILL_CALL,N,0,0,,0,0
INV-50707,GROUND,N,67.1,67.1,,0,0
INV-50708,HOTSHOT,N,214.48,98.47,,0,0
INV-50709,GROUND,Y,97.57,0,,0,0
INV-50710,GROUND,Y,156.49,0,,0,0
INV-50711,GROUND,Y,124.88,0,,0,0
INV-50712,GROUND,Y,134.18,0,,0,0
INV-50713,GROUND,N,60.02,60.02,,0,0
INV-50714,GROUND,Y,120.88,0,,0,0
INV-50715,GROUND,N,38.19,38.19,,0,0
INV-50716,GROUND,Y,117.22,0,,0,0
INV-50717,LTL,Y,174.41,0,,0,0
INV-50718,GROUND,Y,127.01,0,LIFTGATE,51.61,51.61
INV-50719,WILL_CALL,N,0,0,,0,0
INV-50720,GROUND,Y,198.8,0,,0,0
INV-50721,GROUND,Y,243.47,0,,0,0
INV-50722,LTL,Y,284.37,0,,0,0
INV-50723,GROUND,N,71.57,0,,0,0
INV-50724,GROUND,Y,480,0,INSIDE_DELIVERY,79.07,0
INV-50725,GROUND,N,84.02,84.02,,0,0
INV-50726,GROUND,N,65.1,65.1,,0,0
INV-50727,GROUND,N,81.46,81.46,,0,0
INV-50728,GROUND,N,76.78,76.78,,0,0
INV-50729,GROUND,N,96.86,96.86,,0,0
INV-50730,GROUND,N,57.08,0,,0,0
INV-50731,GROUND,N,78.76,33.64,,0,0
INV-50732,WILL_CALL,N,0,0,,0,0
INV-50733,HOTSHOT,N,193.98,0,,0,0
INV-50734,GROUND,N,79.91,79.91,,0,0
INV-50735,GROUND,Y,393.44,0,,0,0
INV-50736,GROUND,N,52.05,52.05,,0,0
INV-50737,GROUND,N,61.17,32.06,,0,0
INV-50738,GROUND,Y,108.58,0,LIFTGATE,89.0,0
INV-50739,GROUND,N,57.43,57.43,,0,0
INV-50740,GROUND,Y,209.47,0,,0,0
INV-50741,HOTSHOT,N,144.81,0,,0,0
INV-50742,GROUND,Y,146.09,0,,0,0
INV-50743,GROUND,N,75.31,75.31,,0,0
INV-50744,GROUND,Y,173.3,0,RESIDENTIAL,38.46,0
INV-50745,GROUND,Y,177.16,0,,0,0
INV-50746,WILL_CALL,N,0,0,,0,0
INV-50747,GROUND,N,59.86,59.86,,0,0
INV-50748,GROUND,Y,210.26,0,,0,0
INV-50749,GROUND,N,67.13,67.13,,0,0
INV-50750,GROUND,N,82.65,82.65,,0,0
INV-50751,GROUND,Y,178.42,0,REDELIVERY,97.26,97.26
INV-50752,GROUND,Y,110.04,0,,0,0
INV-50753,WILL_CALL,N,0,0,,0,0
INV-50754,GROUND,Y,242.93,0,,0,0
INV-50755,GROUND,Y,235.49,0,,0,0
INV-50756,GROUND,Y,285.43,0,INSIDE_DELIVERY,78.39,0
INV-50757,GROUND,Y,117.99,0,,0,0
INV-50758,GROUND,N,85.38,85.38,,0,0
INV-50759,GROUND,N,82.82,82.82,,0,0
INV-50760,GROUND,Y,196.04,0,,0,0
INV-50761,GROUND,Y,480,0,,0,0
INV-50762,GROUND,N,75.92,52.92,,0,0
INV-50763,LTL,Y,269.98,0,,0,0
INV-50764,WILL_CALL,N,0,0,,0,0
INV-50765,WILL_CALL,N,0,0,,0,0
INV-50766,GROUND,Y,339.2,0,,0,0
INV-50767,LTL,N,147.95,147.95,,0,0
INV-50768,GROUND,N,54.22,0,,0,0
INV-50769,LTL,N,113.67,0,,0,0
INV-50770,GROUND,N,91.12,91.12,,0,0
INV-50771,GROUND,N,66.91,66.91,,0,0
INV-50772,WILL_CALL,N,0,0,,0,0
INV-50773,HOTSHOT,N,123.13,123.13,,0,0
INV-50774,GROUND,N,70.18,70.18,,0,0
INV-50775,GROUND,Y,480,0,LIFTGATE,46.29,46.29
INV-50776,GROUND,Y,99.75,0,,0,0
INV-50777,LTL,N,129.91,129.91,,0,0
INV-50778,GROUND,Y,136.94,0,,0,0
INV-50779,GROUND,N,68.02,68.02,,0,0
INV-50780,GROUND,Y,196.07,0,,0,0
INV-50781,HOTSHOT,N,166.21,0,,0,0
INV-50782,GROUND,Y,300.36,0,REDELIVERY,108.21,108.21
INV-50783,GROUND,N,73.45,73.45,,0,0
INV-50784,GROUND,N,90.23,90.23,,0,0
INV-50785,GROUND,N,62.35,0,,0,0
INV-50786,WILL_CALL,N,0,0,,0,0
INV-50787,GROUND,Y,102.57,0,,0,0
INV-50788,GROUND,Y,197.35,0,,0,0
INV-50789,WILL_CALL,N,0,0,,0,0
INV-50790,GROUND,Y,148.3,0,,0,0
INV-50791,GROUND,N,47.19,47.19,,0,0
INV-50792,LTL,Y,204.1,0,,0,0
INV-50793,LTL,N,102.53,102.53,,0,0
INV-50794,GROUND,Y,126.13,0,,0,0
INV-50795,GROUND,Y,125.27,0,,0,0
INV-50796,GROUND,N,77.28,77.28,,0,0
INV-50797,HOTSHOT,N,161.5,0,,0,0
INV-50798,GROUND,Y,327.94,0,,0,0
INV-50799,GROUND,Y,152.99,0,,0,0
INV-50800,WILL_CALL,N,0,0,,0,0
INV-50801,LTL,Y,295.36,0,,0,0
INV-50802,GROUND,Y,94.1,0,,0,0
INV-50803,GROUND,Y,207.66,0,,0,0
INV-50804,GROUND,Y,253.97,0,,0,0
INV-50805,GROUND,N,87.1,87.1,,0,0
INV-50806,LTL,Y,187.07,0,,0,0
INV-50807,GROUND,Y,125.89,0,REDELIVERY,110.0,0
INV-50808,WILL_CALL,N,0,0,,0,0
INV-50809,WILL_CALL,N,0,0,,0,0
INV-50810,GROUND,Y,446.09,0,,0,0
INV-50811,LTL,Y,429.04,0,,0,0
INV-50812,GROUND,Y,122.18,0,,0,0
INV-50813,LTL,Y,187.45,0,REDELIVERY,139.99,139.99
INV-50814,LTL,N,163.15,163.15,,0,0
INV-50815,GROUND,N,45.98,45.98,,0,0
INV-50816,WILL_CALL,N,0,0,,0,0
INV-50817,WILL_CALL,N,0,0,,0,0
INV-50818,GROUND,Y,238.49,0,RESIDENTIAL,52.26,0
INV-50819,GROUND,N,86.79,86.79,,0,0
INV-50820,GROUND,Y,305.77,0,,0,0
INV-50821,GROUND,N,81.0,34.16,,0,0
INV-50822,GROUND,N,53.16,53.16,,0,0
INV-50823,GROUND,N,60.51,60.51,,0,0
INV-50824,GROUND,N,91.23,0,,0,0
INV-50825,WILL_CALL,N,0,0,,0,0
INV-50826,GROUND,N,71.52,0,,0,0
INV-50827,GROUND,Y,114.39,0,,0,0
INV-50828,GROUND,Y,199.22,0,,0,0
INV-50829,WILL_CALL,N,0,0,,0,0
INV-50830,WILL_CALL,N,0,0,,0,0
INV-50831,GROUND,Y,188.23,0,RESIDENTIAL,29.36,0
INV-50832,GROUND,Y,93.65,0,,0,0
INV-50833,GROUND,Y,141.43,0,,0,0
INV-50834,GROUND,N,75.31,0,,0,0
INV-50835,GROUND,Y,270.63,0,,0,0
INV-50836,LTL,N,149.34,149.34,,0,0
INV-50837,GROUND,N,77.32,77.32,,0,0
INV-50838,GROUND,N,76.15,76.15,,0,0
INV-50839,GROUND,Y,214.13,0,,0,0
INV-50840,GROUND,Y,132.02,0,,0,0
INV-50841,GROUND,Y,156.28,0,,0,0
INV-50842,GROUND,Y,196.84,0,,0,0
INV-50843,GROUND,Y,118.99,0,,0,0
INV-50844,GROUND,N,43.73,0,,0,0
INV-50845,GROUND,N,62.68,62.68,,0,0
INV-50846,GROUND,Y,98.46,0,DETENTION,185.2,0
INV-50847,LTL,Y,180.45,0,,0,0
INV-50848,GROUND,Y,103.42,0,,0,0
INV-50849,GROUND,Y,296.76,0,,0,0
INV-50850,GROUND,N,47.04,47.04,,0,0
INV-50851,LTL,Y,192.73,0,,0,0
INV-50852,GROUND,N,96.64,96.64,,0,0
INV-50853,GROUND,Y,204.16,0,,0,0
INV-50854,GROUND,Y,103.9,0,,0,0
INV-50855,GROUND,N,95.24,95.24,,0,0
INV-50856,GROUND,Y,152.4,0,,0,0
INV-50857,GROUND,Y,101.19,0,,0,0
INV-50858,GROUND,N,75.2,75.2,,0,0
INV-50859,WILL_CALL,N,0,0,,0,0
INV-50860,GROUND,Y,112.57,0,,0,0
INV-50861,LTL,Y,206.82,0,,0,0
INV-50862,GROUND,N,54.63,0,,0,0
INV-50863,WILL_CALL,N,0,0,,0,0
INV-50864,GROUND,Y,179.45,0,,0,0
INV-50865,GROUND,Y,277.9,0,,0,0
INV-50866,WILL_CALL,N,0,0,,0,0
INV-50867,GROUND,Y,289.33,0,,0,0
INV-50868,GROUND,N,93.56,93.56,,0,0
INV-50869,GROUND,Y,100.25,0,DETENTION,256.82,256.82
INV-50870,HOTSHOT,N,187.48,187.48,,0,0
INV-50871,GROUND,N,82.45,82.45,,0,0
INV-50872,GROUND,Y,124.18,0,,0,0
INV-50873,WILL_CALL,N,0,0,,0,0
INV-50874,HOTSHOT,N,165.38,86.44,DETENTION,221.22,221.22
INV-50875,GROUND,Y,93.8,0,,0,0
INV-50876,GROUND,Y,156.37,0,,0,0
INV-50877,WILL_CALL,N,0,0,,0,0
INV-50878,GROUND,N,92.09,0,,0,0
INV-50879,GROUND,Y,156.52,0,,0,0
INV-50880,HOTSHOT,N,211.18,0,,0,0
INV-50881,LTL,Y,200.77,0,,0,0
INV-50882,GROUND,Y,150.97,0,,0,0
INV-50883,HOTSHOT,N,144.58,144.58,,0,0
INV-50884,HOTSHOT,N,107.47,107.47,,0,0
INV-50885,GROUND,N,96.78,96.78,,0,0
INV-50886,GROUND,N,91.87,91.87,,0,0
INV-50887,LTL,N,156.1,156.1,,0,0
INV-50888,GROUND,N,38.62,38.62,,0,0
INV-50889,HOTSHOT,N,111.15,0,,0,0
INV-50890,GROUND,N,54.24,54.24,RESIDENTIAL,56.61,0
INV-50891,GROUND,Y,163.24,0,,0,0
INV-50892,HOTSHOT,N,125.65,0,,0,0
INV-50893,GROUND,Y,102.48,0,,0,0
INV-50894,GROUND,Y,153.59,0,,0,0
INV-50895,GROUND,Y,296.32,0,,0,0
INV-50896,GROUND,N,77.05,77.05,,0,0
INV-50897,GROUND,Y,122.85,0,,0,0
INV-50898,WILL_CALL,N,0,0,,0,0
INV-50899,GROUND,N,80.24,80.24,,0,0
INV-50900,LTL,Y,160.53,0,LIFTGATE,49.14,49.14
INV-50901,GROUND,N,69.89,69.89,,0,0
INV-50902,GROUND,Y,105.19,0,,0,0
INV-50903,GROUND,N,47.27,47.27,,0,0
INV-50904,LTL,N,137.18,137.18,,0,0
INV-50905,GROUND,N,51.62,0,,0,0
INV-50906,GROUND,Y,119.47,0,,0,0
INV-50907,GROUND,N,70.93,70.93,,0,0
INV-50908,GROUND,N,40.72,19.81,,0,0
INV-50909,WILL_CALL,N,0,0,,0,0
INV-50910,LTL,Y,192.37,0,,0,0
INV-50911,LTL,N,152.83,87.41,,0,0
INV-50912,WILL_CALL,N,0,0,,0,0
INV-50913,GROUND,N,85.31,36.87,,0,0
INV-50914,WILL_CALL,N,0,0,,0,0
INV-50915,GROUND,Y,100.17,0,,0,0
INV-50916,GROUND,Y,125.86,0,,0,0
INV-50917,GROUND,N,65.1,30.98,,0,0
INV-50918,LTL,Y,178.91,0,,0,0
INV-50919,WILL_CALL,N,0,0,,0,0
INV-50920,GROUND,N,79.91,0,,0,0
INV-50921,GROUND,Y,146.19,0,,0,0
INV-50922,WILL_CALL,N,0,0,,0,0
INV-50923,GROUND,Y,102.47,0,,0,0
INV-50924,GROUND,Y,135.3,0,,0,0
INV-50925,WILL_CALL,N,0,0,,0,0
INV-50926,GROUND,Y,186.68,0,,0,0
INV-50927,GROUND,Y,170.72,0,,0,0
INV-50928,GROUND,Y,182.06,0,,0,0
INV-50929,WILL_CALL,N,0,0,,0,0
INV-50930,GROUND,N,43.7,43.7,,0,0
INV-50931,LTL,Y,226.83,0,DETENTION,75.87,0
INV-50932,GROUND,N,101.26,101.26,,0,0
INV-50933,GROUND,Y,480,0,,0,0
INV-50934,WILL_CALL,N,0,0,,0,0
INV-50935,GROUND,Y,127.43,0,,0,0
INV-50936,GROUND,Y,225.32,0,,0,0
INV-50937,GROUND,Y,202.91,0,,0,0
INV-50938,LTL,Y,248.52,0,,0,0
INV-50939,GROUND,N,37.91,37.91,,0,0
INV-50940,WILL_CALL,N,0,0,,0,0
INV-50941,WILL_CALL,N,0,0,,0,0
INV-50942,GROUND,N,59.83,0,,0,0
INV-50943,GROUND,Y,133.08,0,,0,0
INV-50944,GROUND,Y,480,0,,0,0
INV-50945,GROUND,N,94.54,94.54,,0,0
INV-50946,GROUND,Y,140.17,0,,0,0
INV-50947,GROUND,Y,159.52,0,,0,0
INV-50948,HOTSHOT,N,98.99,0,,0,0
INV-50949,GROUND,Y,201.58,0,,0,0
INV-50950,WILL_CALL,N,0,0,,0,0
INV-50951,HOTSHOT,N,116.94,0,LIFTGATE,46.91,0
INV-50952,GROUND,Y,99.69,0,,0,0
INV-50953,GROUND,Y,122.31,0,,0,0
INV-50954,GROUND,N,92.35,0,,0,0
INV-50955,GROUND,N,44.43,44.43,,0,0
INV-50956,HOTSHOT,N,158.62,0,,0,0
INV-50957,GROUND,Y,175.88,0,,0,0
INV-50958,GROUND,N,44.34,44.34,,0,0
INV-50959,GROUND,Y,116.7,0,,0,0
INV-50960,GROUND,Y,205.37,0,,0,0
INV-50961,GROUND,Y,360.97,0,,0,0
INV-50962,GROUND,Y,105.79,0,LIFTGATE,50.34,0
INV-50963,LTL,N,159.34,0,,0,0
INV-50964,GROUND,Y,138.48,0,,0,0
INV-50965,GROUND,N,66.44,66.44,,0,0
INV-50966,LTL,Y,480,0,,0,0
INV-50967,GROUND,N,78.62,78.62,,0,0
INV-50968,GROUND,Y,429.52,0,,0,0
INV-50969,WILL_CALL,N,0,0,,0,0
INV-50970,GROUND,Y,178.37,0,,0,0
INV-50971,GROUND,Y,157.7,0,,0,0
INV-50972,GROUND,Y,104.26,0,,0,0
INV-50973,GROUND,N,90.05,90.05,,0,0
INV-50974,GROUND,N,61.36,61.36,,0,0
INV-50975,GROUND,Y,202.45,0,,0,0
INV-50976,WILL_CALL,N,0,0,,0,0
INV-50977,GROUND,Y,341.89,0,,0,0
INV-50978,GROUND,Y,118.9,0,,0,0
INV-50979,WILL_CALL,N,0,0,,0,0
INV-50980,GROUND,Y,153.38,0,LIFTGATE,69.08,0
INV-50981,GROUND,Y,249.87,0,,0,0
INV-50982,GROUND,Y,113.2,0,,0,0
INV-50983,GROUND,Y,158.94,0,,0,0
INV-50984,GROUND,N,60.8,0,,0,0
INV-50985,WILL_CALL,N,0,0,,0,0
INV-50986,GROUND,N,88.45,88.45,,0,0
INV-50987,HOTSHOT,N,124.45,124.45,,0,0
INV-50988,LTL,N,123.56,123.56,,0,0
INV-50989,GROUND,Y,480,0,,0,0
INV-50990,GROUND,Y,109.84,0,,0,0
INV-50991,GROUND,Y,187.61,0,REDELIVERY,148.64,0
INV-50992,GROUND,N,39.38,0,,0,0
INV-50993,GROUND,Y,161.59,0,,0,0
INV-50994,GROUND,Y,114.27,0,,0,0
INV-50995,GROUND,Y,148.43,0,,0,0
INV-50996,GROUND,Y,228.85,0,,0,0
INV-50997,WILL_CALL,N,0,0,,0,0
INV-50998,LTL,N,150.36,0,,0,0
INV-50999,GROUND,Y,128.39,0,,0,0
INV-51000,WILL_CALL,N,0,0,,0,0
INV-51001,GROUND,N,77.17,77.17,,0,0
INV-51002,GROUND,Y,140.58,0,,0,0
INV-51003,GROUND,Y,130.35,0,LIFTGATE,82.53,0
INV-51004,GROUND,Y,157.27,0,,0,0
INV-51005,GROUND,N,48.85,48.85,,0,0
INV-51006,GROUND,Y,107.09,0,,0,0
INV-51007,GROUND,Y,196.69,0,,0,0
INV-51008,LTL,Y,193.03,0,,0,0
INV-51009,WILL_CALL,N,0,0,,0,0
INV-51010,GROUND,Y,92.3,0,,0,0
INV-51011,LTL,Y,165.55,0,,0,0
INV-51012,GROUND,Y,126.55,0,,0,0
INV-51013,GROUND,N,80.64,80.64,,0,0
INV-51014,GROUND,N,93.55,93.55,,0,0
INV-51015,LTL,N,159.82,0,,0,0
INV-51016,GROUND,Y,227.86,0,LIFTGATE,69.37,0
INV-51017,GROUND,Y,139.1,0,,0,0
INV-51018,GROUND,Y,142.35,0,,0,0
INV-51019,GROUND,Y,344.58,0,,0,0
INV-51020,HOTSHOT,N,178.16,178.16,,0,0
INV-51021,WILL_CALL,N,0,0,,0,0
INV-51022,GROUND,N,68.1,68.1,,0,0
INV-51023,GROUND,Y,120.5,0,,0,0
INV-51024,LTL,Y,201.1,0,,0,0
INV-51025,GROUND,N,67.83,28.75,,0,0
INV-51026,WILL_CALL,N,0,0,,0,0
INV-51027,GROUND,N,83.47,83.47,,0,0
INV-51028,GROUND,N,64.5,64.5,,0,0
INV-51029,GROUND,Y,107.09,0,,0,0
INV-51030,GROUND,N,82.71,82.71,DETENTION,216.95,216.95
INV-51031,HOTSHOT,N,106.37,0,,0,0
INV-51032,GROUND,Y,152.89,0,,0,0
INV-51033,GROUND,Y,115.18,0,REDELIVERY,69.59,0
INV-51034,GROUND,N,78.14,78.14,,0,0
INV-51035,LTL,Y,480,0,,0,0
INV-51036,LTL,Y,169.05,0,,0,0
INV-51037,LTL,N,118.49,118.49,,0,0
INV-51038,GROUND,N,45.7,45.7,,0,0
INV-51039,GROUND,N,95.47,95.47,,0,0
INV-51040,LTL,N,127.82,127.82,,0,0
INV-51041,GROUND,Y,198.35,0,,0,0
INV-51042,GROUND,Y,112.19,0,,0,0
INV-51043,GROUND,N,86.86,86.86,,0,0
INV-51044,GROUND,Y,179.42,0,,0,0
INV-51045,LTL,Y,342.91,0,,0,0
INV-51046,GROUND,N,48.94,48.94,REDELIVERY,83.98,0
INV-51047,LTL,Y,226.24,0,RESIDENTIAL,29.08,0
INV-51048,WILL_CALL,N,0,0,,0,0
INV-51049,GROUND,Y,207.11,0,,0,0
INV-51050,GROUND,N,89.98,89.98,,0,0
INV-51051,GROUND,Y,210.29,0,,0,0
INV-51052,GROUND,Y,170.12,0,,0,0
INV-51053,WILL_CALL,N,0,0,,0,0
INV-51054,GROUND,Y,139.53,0,,0,0
INV-51055,GROUND,Y,371.62,0,,0,0
INV-51056,GROUND,Y,202.07,0,,0,0
INV-51057,GROUND,Y,150.49,0,,0,0
INV-51058,GROUND,Y,172.93,0,,0,0
INV-51059,HOTSHOT,N,168.5,168.5,,0,0
INV-51060,GROUND,Y,107.9,0,,0,0
INV-51061,GROUND,N,107.8,107.8,,0,0
INV-51062,WILL_CALL,N,0,0,,0,0
INV-51063,GROUND,N,78.2,78.2,REDELIVERY,115.11,0
INV-51064,WILL_CALL,N,0,0,,0,0
INV-51065,GROUND,Y,172.13,0,,0,0
INV-51066,GROUND,N,62.84,0,,0,0
INV-51067,GROUND,N,43.18,43.18,,0,0
INV-51068,GROUND,Y,480,0,,0,0
INV-51069,HOTSHOT,N,132.37,132.37,,0,0
INV-51070,GROUND,N,66.29,66.29,,0,0
INV-51071,GROUND,Y,388.24,0,,0,0
INV-51072,GROUND,Y,110.75,0,,0,0
INV-51073,GROUND,Y,209.58,0,,0,0
INV-51074,GROUND,Y,104.1,0,,0,0
INV-51075,HOTSHOT,N,147.15,0,,0,0
INV-51076,WILL_CALL,N,0,0,,0,0
INV-51077,LTL,Y,279.36,0,,0,0
INV-51078,LTL,Y,191.32,0,,0,0
INV-51079,GROUND,N,80.53,80.53,,0,0
INV-51080,LTL,N,143.65,0,,0,0
INV-51081,GROUND,N,77.14,0,,0,0
INV-51082,GROUND,Y,141.21,0,,0,0
INV-51083,WILL_CALL,N,0,0,,0,0
INV-51084,GROUND,N,69.0,69.0,LIFTGATE,48.01,48.01
INV-51085,GROUND,N,69.38,31.55,,0,0
INV-51086,GROUND,N,44.61,44.61,,0,0
INV-51087,GROUND,N,48.14,48.14,,0,0
INV-51088,GROUND,Y,248.43,0,,0,0
INV-51089,GROUND,Y,135.66,0,,0,0
INV-51090,GROUND,Y,113.31,0,,0,0
INV-51091,GROUND,N,87.25,87.25,,0,0
INV-51092,GROUND,Y,170.22,0,,0,0
INV-51093,GROUND,Y,124.03,0,,0,0
INV-51094,WILL_CALL,N,0,0,,0,0
INV-51095,GROUND,Y,196.4,0,,0,0
INV-51096,LTL,Y,480,0,LIFTGATE,65.02,65.02
INV-51097,GROUND,Y,261.37,0,,0,0
INV-51098,LTL,Y,392.2,0,,0,0
INV-51099,GROUND,Y,98.7,0,,0,0
INV-51100,GROUND,Y,186.03,0,,0,0
INV-51101,WILL_CALL,N,0,0,,0,0
INV-51102,GROUND,Y,168.33,0,,0,0
INV-51103,GROUND,N,67.99,67.99,,0,0
INV-51104,GROUND,N,71.65,71.65,LIFTGATE,68.92,0
INV-51105,GROUND,N,34.4,0,,0,0
INV-51106,LTL,N,115.68,115.68,,0,0
INV-51107,GROUND,Y,207.21,0,,0,0
INV-51108,GROUND,Y,160.9,0,,0,0
INV-51109,GROUND,Y,117.27,0,,0,0
INV-51110,LTL,N,132.31,132.31,,0,0
INV-51111,GROUND,N,54.31,22.34,,0,0
INV-51112,LTL,Y,223.64,0,RESIDENTIAL,35.23,0
INV-51113,GROUND,Y,205.78,0,,0,0
INV-51114,GROUND,Y,126.77,0,DETENTION,252.6,0
INV-51115,LTL,N,124.21,124.21,,0,0
INV-51116,GROUND,N,72.36,72.36,,0,0
INV-51117,HOTSHOT,N,111.47,111.47,,0,0
INV-51118,GROUND,N,72.36,72.36,,0,0
INV-51119,GROUND,Y,134.54,0,,0,0
INV-51120,GROUND,N,92.93,37.31,,0,0
INV-51121,GROUND,N,50.49,50.49,,0,0
INV-51122,LTL,Y,281.26,0,,0,0
INV-51123,GROUND,N,83.4,0,,0,0
INV-51124,GROUND,N,77.21,77.21,,0,0
INV-51125,GROUND,N,78.91,45.41,,0,0
INV-51126,GROUND,N,86.01,86.01,,0,0
INV-51127,GROUND,Y,193.25,0,,0,0
INV-51128,WILL_CALL,N,0,0,,0,0
INV-51129,GROUND,N,94.14,94.14,INSIDE_DELIVERY,67.27,0
INV-51130,WILL_CALL,N,0,0,,0,0
INV-51131,WILL_CALL,N,0,0,,0,0
INV-51132,LTL,Y,226.93,0,,0,0
INV-51133,GROUND,Y,124.38,0,LIFTGATE,68.53,0
INV-51134,GROUND,N,98.87,98.87,,0,0
INV-51135,GROUND,N,68.81,0,,0,0
INV-51136,GROUND,N,69.59,69.59,,0,0
INV-51137,GROUND,Y,119.51,0,,0,0
INV-51138,LTL,Y,349.93,0,,0,0
INV-51139,GROUND,Y,164.22,0,,0,0
INV-51140,WILL_CALL,N,0,0,,0,0
INV-51141,WILL_CALL,N,0,0,,0,0
INV-51142,GROUND,Y,420.09,0,,0,0
INV-51143,GROUND,N,102.27,102.27,REDELIVERY,138.92,138.92
INV-51144,GROUND,N,80.4,80.4,LIFTGATE,72.74,72.74
INV-51145,GROUND,Y,243.41,0,INSIDE_DELIVERY,115.48,0
INV-51146,GROUND,Y,178.74,0,,0,0
INV-51147,GROUND,Y,156.62,0,,0,0
INV-51148,WILL_CALL,N,0,0,,0,0
INV-51149,WILL_CALL,N,0,0,,0,0
INV-51150,GROUND,Y,326.47,0,,0,0
INV-51151,GROUND,Y,176.97,0,,0,0
INV-51152,LTL,Y,176.23,0,,0,0
INV-51153,GROUND,Y,108.15,0,,0,0
INV-51154,GROUND,N,84.05,84.05,DETENTION,147.77,0
INV-51155,GROUND,N,64.19,64.19,,0,0
INV-51156,GROUND,Y,116.54,0,,0,0
INV-51157,GROUND,Y,279.25,0,,0,0
INV-51158,GROUND,Y,99.67,0,,0,0
INV-51159,GROUND,Y,203.62,0,,0,0
INV-51160,GROUND,Y,166.41,0,,0,0
INV-51161,GROUND,Y,235.81,0,,0,0
INV-51162,GROUND,Y,221.66,0,,0,0
INV-51163,GROUND,Y,108.81,0,,0,0
INV-51164,GROUND,N,89.06,89.06,,0,0
INV-51165,GROUND,N,91.53,91.53,,0,0
INV-51166,GROUND,N,108.24,108.24,,0,0
INV-51167,WILL_CALL,N,0,0,,0,0
INV-51168,GROUND,Y,174.26,0,,0,0
INV-51169,GROUND,Y,117.14,0,,0,0
INV-51170,GROUND,Y,158.06,0,,0,0
INV-51171,GROUND,Y,276.27,0,,0,0
INV-51172,GROUND,Y,222.21,0,,0,0
INV-51173,WILL_CALL,N,0,0,,0,0
INV-51174,GROUND,N,93.76,93.76,,0,0
INV-51175,GROUND,N,67.86,67.86,,0,0
INV-51176,GROUND,N,48.73,48.73,,0,0
INV-51177,GROUND,Y,149.89,0,,0,0
INV-51178,GROUND,N,47.35,47.35,,0,0
INV-51179,GROUND,N,76.4,76.4,,0,0
INV-51180,GROUND,N,72.23,72.23,LIFTGATE,76.48,0
INV-51181,GROUND,N,64.55,64.55,,0,0
INV-51182,WILL_CALL,N,0,0,,0,0
INV-51183,GROUND,Y,385.26,0,,0,0
INV-51184,GROUND,Y,348.92,0,,0,0
INV-51185,GROUND,Y,311.37,0,,0,0
INV-51186,GROUND,Y,111.83,0,,0,0
INV-51187,LTL,N,114.75,114.75,,0,0
INV-51188,GROUND,Y,229.44,0,,0,0
INV-51189,GROUND,Y,135.14,0,DETENTION,169.96,0
INV-51190,GROUND,Y,138.87,0,,0,0
INV-51191,GROUND,N,47.65,47.65,,0,0
INV-51192,GROUND,Y,250.41,0,,0,0
INV-51193,LTL,N,142.25,67.05,,0,0
INV-51194,GROUND,Y,94.16,0,,0,0
INV-51195,GROUND,Y,139.88,0,,0,0
INV-51196,GROUND,Y,325.3,0,LIFTGATE,73.95,0
INV-51197,GROUND,Y,176.09,0,,0,0
INV-51198,LTL,N,136.55,136.55,,0,0
INV-51199,LTL,Y,298.68,0,,0,0
INV-51200,WILL_CALL,N,0,0,,0,0
INV-51201,LTL,Y,170.09,0,,0,0
INV-51202,GROUND,Y,120.1,0,,0,0
INV-51203,LTL,Y,349.85,0,,0,0
INV-51204,GROUND,N,94.47,94.47,,0,0
INV-51205,LTL,Y,329.99,0,,0,0
INV-51206,GROUND,N,63.49,63.49,,0,0
INV-51207,HOTSHOT,N,180.54,180.54,,0,0
INV-51208,GROUND,Y,480,0,DETENTION,298.92,0
INV-51209,GROUND,Y,217.87,0,,0,0
INV-51210,WILL_CALL,N,0,0,,0,0
INV-51211,GROUND,Y,208.65,0,LIFTGATE,53.38,53.38
INV-51212,GROUND,N,55.03,55.03,,0,0
INV-51213,WILL_CALL,N,0,0,,0,0
INV-51214,GROUND,Y,201.9,0,,0,0
INV-51215,GROUND,N,60.82,60.82,,0,0
INV-51216,HOTSHOT,N,104.67,0,INSIDE_DELIVERY,108.04,0
INV-51217,GROUND,Y,115.07,0,,0,0
INV-51218,GROUND,N,74.82,74.82,,0,0
INV-51219,LTL,N,111.52,111.52,,0,0
INV-51220,GROUND,Y,112.48,0,,0,0
INV-51221,GROUND,Y,112.27,0,,0,0
INV-51222,GROUND,N,59.98,59.98,,0,0
INV-51223,GROUND,N,47.11,47.11,,0,0
INV-51224,LTL,N,116.97,116.97,,0,0
INV-51225,GROUND,N,94.88,94.88,,0,0
INV-51226,GROUND,N,87.08,0,,0,0
INV-51227,GROUND,N,74.43,74.43,,0,0
INV-51228,GROUND,Y,102.47,0,,0,0
INV-51229,LTL,Y,198.61,0,,0,0
INV-51230,GROUND,Y,117.9,0,,0,0
INV-51231,GROUND,Y,109.95,0,,0,0
INV-51232,GROUND,Y,113.5,0,,0,0
INV-51233,GROUND,Y,151.06,0,,0,0
INV-51234,GROUND,Y,125.56,0,,0,0
INV-51235,GROUND,Y,209.73,0,,0,0
INV-51236,GROUND,N,84.16,84.16,INSIDE_DELIVERY,82.23,82.23
INV-51237,WILL_CALL,N,0,0,,0,0
INV-51238,WILL_CALL,N,0,0,,0,0
INV-51239,HOTSHOT,N,237.72,0,,0,0
INV-51240,GROUND,N,99.04,99.04,,0,0
INV-51241,GROUND,N,68.05,68.05,,0,0
INV-51242,GROUND,N,59.08,59.08,,0,0
INV-51243,GROUND,Y,139.63,0,,0,0
INV-51244,GROUND,Y,137.21,0,,0,0
INV-51245,GROUND,N,76.58,76.58,,0,0
INV-51246,HOTSHOT,N,119.37,0,,0,0
INV-51247,GROUND,N,35.7,35.7,,0,0
INV-51248,WILL_CALL,N,0,0,,0,0
INV-51249,GROUND,N,48.22,33.27,,0,0
INV-51250,WILL_CALL,N,0,0,,0,0
INV-51251,LTL,Y,460.46,0,,0,0
INV-51252,GROUND,N,79.2,79.2,,0,0
INV-51253,GROUND,Y,210.56,0,,0,0
INV-51254,GROUND,Y,480,0,,0,0
INV-51255,WILL_CALL,N,0,0,,0,0
INV-51256,LTL,Y,218.51,0,,0,0
INV-51257,WILL_CALL,N,0,0,,0,0
INV-51258,HOTSHOT,N,120.07,75.32,,0,0
INV-51259,GROUND,Y,196.11,0,,0,0
INV-51260,GROUND,N,87.34,87.34,,0,0
INV-51261,LTL,N,144.51,144.51,LIFTGATE,50.24,0
INV-51262,GROUND,Y,161.19,0,,0,0
INV-51263,GROUND,N,82.66,82.66,,0,0
INV-51264,GROUND,N,92.94,92.94,,0,0
INV-51265,LTL,Y,267.38,0,,0,0
INV-51266,GROUND,Y,227.98,0,,0,0
INV-51267,GROUND,Y,201.46,0,,0,0
INV-51268,GROUND,Y,118.4,0,,0,0
INV-51269,GROUND,N,77.7,77.7,LIFTGATE,83.06,83.06
INV-51270,WILL_CALL,N,0,0,,0,0
INV-51271,WILL_CALL,N,0,0,,0,0
INV-51272,GROUND,N,73.46,73.46,,0,0
INV-51273,GROUND,Y,101.53,0,LIFTGATE,59.48,0
INV-51274,GROUND,Y,97.35,0,,0,0
INV-51275,GROUND,Y,110.1,0,,0,0
INV-51276,GROUND,N,58.72,58.72,,0,0
INV-51277,GROUND,Y,250.7,0,,0,0
INV-51278,GROUND,N,81.94,81.94,,0,0
INV-51279,GROUND,Y,192.32,0,,0,0
INV-51280,WILL_CALL,N,0,0,,0,0
INV-51281,LTL,Y,461.03,0,,0,0
INV-51282,GROUND,Y,284.26,0,,0,0
INV-51283,GROUND,N,81.62,81.62,,0,0
INV-51284,GROUND,Y,280.83,0,,0,0
INV-51285,GROUND,Y,133.34,0,,0,0
INV-51286,GROUND,Y,172.99,0,,0,0
INV-51287,GROUND,Y,98.08,0,,0,0
INV-51288,HOTSHOT,N,195.36,100.7,,0,0
INV-51289,WILL_CALL,N,0,0,,0,0
INV-51290,GROUND,Y,106.98,0,,0,0
INV-51291,GROUND,N,88.3,0,,0,0
INV-51292,GROUND,Y,127.67,0,,0,0
INV-51293,GROUND,Y,118.04,0,,0,0
INV-51294,GROUND,Y,265.72,0,,0,0
INV-51295,WILL_CALL,N,0,0,,0,0
INV-51296,GROUND,Y,175.28,0,,0,0
INV-51297,GROUND,N,68.48,0,,0,0
INV-51298,GROUND,Y,258.94,0,,0,0
INV-51299,GROUND,Y,106.31,0,,0,0
INV-51300,GROUND,Y,93.33,0,,0,0
INV-51301,GROUND,Y,382.59,0,,0,0
INV-51302,GROUND,N,84.2,84.2,,0,0
INV-51303,GROUND,N,95.04,95.04,,0,0
INV-51304,WILL_CALL,N,0,0,,0,0
INV-51305,LTL,Y,202.06,0,,0,0
INV-51306,GROUND,Y,358.35,0,,0,0
INV-51307,GROUND,Y,112.46,0,,0,0
INV-51308,GROUND,N,47.73,47.73,,0,0
INV-51309,LTL,Y,448.08,0,RESIDENTIAL,48.74,0
INV-51310,GROUND,Y,290.19,0,,0,0
INV-51311,GROUND,N,95.01,95.01,,0,0
INV-51312,GROUND,Y,107.59,0,,0,0
INV-51313,GROUND,Y,108.16,0,,0,0
INV-51314,GROUND,Y,98.77,0,,0,0
INV-51315,LTL,Y,208.7,0,,0,0
INV-51316,GROUND,N,86.03,86.03,,0,0
INV-51317,GROUND,Y,154.09,0,,0,0
INV-51318,GROUND,N,79.33,79.33,,0,0
INV-51319,GROUND,N,68.16,68.16,,0,0
INV-51320,GROUND,N,61.38,61.38,,0,0
INV-51321,GROUND,N,75.85,75.85,,0,0
INV-51322,LTL,Y,238.13,0,,0,0
INV-51323,LTL,Y,285.63,0,,0,0
INV-51324,GROUND,Y,207.92,0,,0,0
INV-51325,GROUND,Y,207.7,0,,0,0
INV-51326,LTL,N,153.53,153.53,,0,0
INV-51327,GROUND,N,66.95,66.95,,0,0
INV-51328,GROUND,N,58.57,58.57,,0,0
INV-51329,GROUND,N,47.92,47.92,,0,0
INV-51330,GROUND,N,92.34,92.34,,0,0
INV-51331,GROUND,Y,208.04,0,,0,0
INV-51332,GROUND,Y,130.69,0,,0,0
INV-51333,LTL,Y,373.52,0,,0,0
INV-51334,GROUND,N,54.04,54.04,,0,0
INV-51335,GROUND,Y,287.66,0,,0,0
INV-51336,WILL_CALL,N,0,0,,0,0
INV-51337,LTL,Y,274.29,0,,0,0
INV-51338,GROUND,Y,173.09,0,DETENTION,235.51,0
INV-51339,LTL,Y,224.6,0,DETENTION,164.64,0
INV-51340,WILL_CALL,N,0,0,,0,0
INV-51341,GROUND,Y,387.23,0,,0,0
INV-51342,GROUND,Y,192.04,0,,0,0
INV-51343,GROUND,N,60.85,60.85,,0,0
INV-51344,GROUND,Y,146.73,0,,0,0
INV-51345,GROUND,Y,122.78,0,INSIDE_DELIVERY,82.4,0
INV-51346,GROUND,Y,340.18,0,,0,0
INV-51347,GROUND,N,40.18,40.18,,0,0
INV-51348,GROUND,Y,205.99,0,,0,0
INV-51349,GROUND,Y,480,0,,0,0
INV-51350,LTL,Y,200.67,0,,0,0
INV-51351,GROUND,Y,334.6,0,,0,0
INV-51352,GROUND,Y,238.16,0,,0,0
INV-51353,GROUND,Y,101.21,0,,0,0
INV-51354,HOTSHOT,N,223.69,223.69,RESIDENTIAL,58.57,0
INV-51355,GROUND,Y,368.96,0,,0,0
INV-51356,GROUND,Y,153.76,0,,0,0
INV-51357,WILL_CALL,N,0,0,,0,0
INV-51358,GROUND,N,48.83,48.83,LIFTGATE,92.87,92.87
INV-51359,GROUND,Y,271.14,0,,0,0
INV-51360,GROUND,Y,138.53,0,,0,0
INV-51361,LTL,Y,253.48,0,,0,0
INV-51362,GROUND,Y,96.71,0,,0,0
INV-51363,GROUND,Y,152.96,0,,0,0
INV-51364,HOTSHOT,N,231.03,118.27,,0,0
INV-51365,GROUND,Y,480,0,,0,0
INV-51366,GROUND,N,50.77,50.77,,0,0
INV-51367,GROUND,Y,205.11,0,,0,0
INV-51368,GROUND,Y,171.7,0,,0,0
INV-51369,GROUND,N,57.46,57.46,,0,0
INV-51370,HOTSHOT,N,205.12,136.85,,0,0
INV-51371,WILL_CALL,N,0,0,,0,0
INV-51372,GROUND,N,80.87,80.87,LIFTGATE,49.93,0
INV-51373,LTL,Y,242.26,0,,0,0
INV-51374,LTL,N,150.59,150.59,,0,0
INV-51375,WILL_CALL,N,0,0,,0,0
INV-51376,WILL_CALL,N,0,0,,0,0
INV-51377,LTL,N,154.09,154.09,,0,0
INV-51378,GROUND,Y,138.19,0,,0,0
INV-51379,GROUND,Y,133.99,0,,0,0
INV-51380,GROUND,Y,129.28,0,,0,0
INV-51381,GROUND,Y,220.57,0,,0,0
INV-51382,GROUND,Y,166.51,0,,0,0
INV-51383,HOTSHOT,N,195.23,195.23,,0,0
INV-51384,GROUND,N,87.09,0,,0,0
INV-51385,GROUND,Y,183.91,0,,0,0
INV-51386,WILL_CALL,N,0,0,,0,0
INV-51387,WILL_CALL,N,0,0,,0,0
INV-51388,GROUND,N,84.01,84.01,,0,0
INV-51389,GROUND,N,78.27,78.27,,0,0
INV-51390,GROUND,Y,480,0,,0,0
INV-51391,GROUND,Y,143.44,0,,0,0
INV-51392,GROUND,Y,171.1,0,,0,0
INV-51393,WILL_CALL,N,0,0,,0,0
INV-51394,LTL,Y,229.62,0,,0,0
INV-51395,WILL_CALL,N,0,0,,0,0
INV-51396,GROUND,N,88.08,59.73,,0,0
INV-51397,WILL_CALL,N,0,0,,0,0
INV-51398,GROUND,N,97.55,97.55,,0,0
INV-51399,GROUND,Y,99.77,0,,0,0
INV-51400,GROUND,N,68.69,68.69,,0,0
INV-51401,GROUND,Y,117.96,0,,0,0
INV-51402,GROUND,Y,178.4,0,,0,0
INV-51403,GROUND,N,65.76,65.76,,0,0
INV-51404,GROUND,Y,113.29,0,,0,0
INV-51405,WILL_CALL,N,0,0,,0,0
INV-51406,GROUND,N,78.71,41.98,,0,0
INV-51407,WILL_CALL,N,0,0,,0,0
INV-51408,GROUND,Y,120.82,0,,0,0
INV-51409,GROUND,Y,106.25,0,,0,0
INV-51410,GROUND,Y,141.46,0,,0,0
INV-51411,GROUND,N,98.54,48.2,LIFTGATE,70.71,0
INV-51412,LTL,Y,220.9,0,,0,0
INV-51413,GROUND,N,78.62,78.62,,0,0
INV-51414,WILL_CALL,N,0,0,,0,0
INV-51415,GROUND,Y,263.9,0,,0,0
INV-51416,GROUND,N,76.49,76.49,REDELIVERY,104.47,104.47
INV-51417,WILL_CALL,N,0,0,,0,0
INV-51418,GROUND,N,50.24,50.24,,0,0
INV-51419,GROUND,Y,98.11,0,,0,0
INV-51420,GROUND,Y,123.11,0,,0,0
INV-51421,WILL_CALL,N,0,0,,0,0
INV-51422,GROUND,N,51.02,51.02,REDELIVERY,114.57,114.57
INV-51423,HOTSHOT,N,144.22,0,,0,0
INV-51424,GROUND,Y,258.91,0,,0,0
INV-51425,WILL_CALL,N,0,0,,0,0
INV-51426,WILL_CALL,N,0,0,,0,0
INV-51427,GROUND,N,70.75,70.75,,0,0
INV-51428,GROUND,Y,322.98,0,,0,0
INV-51429,GROUND,N,80.99,80.99,LIFTGATE,62.53,62.53
INV-51430,GROUND,N,72.06,72.06,,0,0
INV-51431,WILL_CALL,N,0,0,,0,0
INV-51432,WILL_CALL,N,0,0,,0,0
INV-51433,WILL_CALL,N,0,0,,0,0
INV-51434,LTL,Y,284.66,0,,0,0
INV-51435,GROUND,N,40.74,40.74,,0,0
INV-51436,LTL,Y,264.22,0,,0,0
INV-51437,GROUND,Y,121.3,0,,0,0
INV-51438,GROUND,Y,293.76,0,,0,0
INV-51439,WILL_CALL,N,0,0,,0,0
INV-51440,WILL_CALL,N,0,0,,0,0
INV-51441,GROUND,N,84.81,84.81,,0,0
INV-51442,GROUND,N,79.65,79.65,INSIDE_DELIVERY,119.89,119.89
INV-51443,LTL,N,147.36,94.37,INSIDE_DELIVERY,112.25,0
INV-51444,GROUND,Y,136.68,0,,0,0
INV-51445,GROUND,N,54.15,54.15,,0,0
INV-51446,GROUND,Y,199.72,0,,0,0
INV-51447,GROUND,Y,166.92,0,,0,0
INV-51448,GROUND,Y,155.07,0,,0,0
INV-51449,GROUND,N,73.52,73.52,,0,0
INV-51450,GROUND,Y,101.59,0,,0,0
INV-51451,GROUND,N,47.84,0,INSIDE_DELIVERY,138.07,0
INV-51452,GROUND,Y,146.67,0,,0,0
INV-51453,GROUND,Y,480,0,,0,0
INV-51454,HOTSHOT,N,181.96,181.96,,0,0
INV-51455,GROUND,N,66.58,66.58,,0,0
INV-51456,GROUND,Y,347.57,0,,0,0
INV-51457,GROUND,Y,126.79,0,,0,0
INV-51458,LTL,Y,218.16,0,,0,0
INV-51459,GROUND,Y,222.38,0,,0,0
INV-51460,GROUND,Y,163.43,0,,0,0
INV-51461,LTL,N,122.93,122.93,,0,0
INV-51462,GROUND,Y,155.11,0,,0,0
INV-51463,GROUND,Y,267.86,0,,0,0
INV-51464,GROUND,N,91.82,91.82,,0,0
INV-51465,WILL_CALL,N,0,0,,0,0
INV-51466,WILL_CALL,N,0,0,,0,0
INV-51467,LTL,N,134.81,134.81,,0,0
INV-51468,WILL_CALL,N,0,0,,0,0
INV-51469,GROUND,N,63.42,63.42,,0,0
INV-51470,GROUND,Y,101.8,0,,0,0
INV-51471,GROUND,N,84.9,84.9,,0,0
INV-51472,HOTSHOT,N,228.23,147.49,,0,0
INV-51473,GROUND,Y,169.99,0,RESIDENTIAL,50.55,0
INV-51474,GROUND,Y,166.17,0,,0,0
INV-51475,GROUND,N,50.96,50.96,,0,0
INV-51476,GROUND,N,82.79,82.79,,0,0
INV-51477,LTL,N,101.37,101.37,,0,0
INV-51478,GROUND,N,70.96,70.96,LIFTGATE,87.11,87.11
INV-51479,LTL,N,107.73,107.73,,0,0
INV-51480,LTL,Y,235.78,0,,0,0
INV-51481,GROUND,Y,249.09,0,,0,0
INV-51482,GROUND,N,89.02,36.28,,0,0
INV-51483,GROUND,Y,131.69,0,,0,0
INV-51484,GROUND,N,89.73,89.73,,0,0
INV-51485,GROUND,Y,377.87,0,,0,0
INV-51486,GROUND,N,50.68,50.68,,0,0
INV-51487,GROUND,Y,116.61,0,REDELIVERY,124.79,124.79
INV-51488,GROUND,N,67.49,67.49,,0,0
INV-51489,GROUND,Y,136.37,0,,0,0
INV-51490,GROUND,Y,141.85,0,,0,0
INV-51491,GROUND,Y,136.02,0,,0,0
INV-51492,WILL_CALL,N,0,0,,0,0
INV-51493,WILL_CALL,N,0,0,,0,0
INV-51494,GROUND,Y,288.49,0,,0,0
INV-51495,WILL_CALL,N,0,0,,0,0
INV-51496,WILL_CALL,N,0,0,,0,0
INV-51497,GROUND,N,81.79,81.79,,0,0
INV-51498,WILL_CALL,N,0,0,,0,0
INV-51499,WILL_CALL,N,0,0,,0,0
INV-51500,GROUND,Y,160.5,0,,0,0
